pg_id,title,author,born,died,locc,subjects,curated_shelves,bytes,words_est
2316,The Choir Invisible,"Allen, James Lane, 1849-1925",1849,1925,PS,Kentucky -- Fiction,"Bestsellers, American, 1895-1923",405965,68807
12482,The Mettle of the Pasture,"Allen, James Lane, 1849-1925",1849,1925,PS,Kentucky -- Fiction,"Bestsellers, American, 1895-1923",462118,78325
25542,Black Oxen,"Atherton, Gertrude Franklin Horn, 1857-1948",1857,1948,PS,American fiction -- 20th century,"Bestsellers, American, 1895-1923",711249,120550
8535,The Sisters-In-Law: A Novel of Our Time,"Atherton, Gertrude Franklin Horn, 1857-1948",1857,1948,PS,France -- Fiction; San Francisco (Calif.) -- Fiction,"Bestsellers, American, 1895-1923",664983,112708
1342,Pride and Prejudice,"Austen, Jane, 1775-1817",1775,1817,PR,England -- Fiction; Young women -- Fiction; Love stories; Sisters -- Fiction; Domestic fiction; Courtship -- Fiction; Social classes -- Fiction,Best Books Ever Listings; Harvard Classics,772386,130912
17237,A Man for the Ages: A Story of the Builders of Democracy,"Bacheller, Irving, 1859-1950",1859,1950,PS,"Lincoln, Abraham, 1809-1865 -- Fiction","Bestsellers, American, 1895-1923",577878,97945
2799,Eben Holden: A Tale of the North Country,"Bacheller, Irving, 1859-1950",1859,1950,PS,Historical fiction; Farm life -- Fiction; New York (State) -- Fiction,"Bestsellers, American, 1895-1923",492707,83509
18056,The Tin Soldier,"Bailey, Temple, 1869-1953",1869,1953,PS,"World War, 1914-1918 -- Fiction","Bestsellers, American, 1895-1923",553114,93748
1237,Father Goriot,"Balzac, Honoré de, 1799-1850",1799,1850,PQ,"Fathers and daughters -- Fiction; Paris (France) -- Fiction; French fiction -- Translations into English; Older men -- Fiction; France -- History -- Louis XVIII, 1814-1824 -- Fiction",Best Books Ever Listings; Harvard Classics,612225,103766
4380,Under Fire: The Story of a Squad,"Barbusse, Henri, 1873-1935",1873,1935,PQ,"World War, 1914-1918 -- Fiction","World War I; Bestsellers, American, 1895-1923",660461,111942
3659,The Rosary,"Barclay, Florence L. (Florence Louisa), 1862-1921",1862,1921,PR,England -- Fiction; Love stories; Rich people -- Fiction; Artists -- Fiction,"Bestsellers, American, 1895-1923",615588,104336
14961,Sentimental Tommy | The Story of His Boyhood,"Barrie, J. M. (James Matthew), 1860-1937",1860,1937,PR,London (England) -- History -- 19th century -- Fiction,"Bestsellers, American, 1895-1923",648894,109982
4082,The Barrier,"Beach, Rex, 1877-1949",1877,1949,PS,Western stories; Adventure stories; Yukon -- Fiction,"Western; Movie Books; Bestsellers, American, 1895-1923",507783,86064
6379,The Net,"Beach, Rex, 1877-1949",1877,1949,PS,Sicily (Italy) -- Fiction; Mafia -- Louisiana -- New Orleans -- Fiction; Italian Americans -- Louisiana -- New Orleans -- Fiction,"Movie Books; Bestsellers, American, 1895-1923",586935,99480
1845,"Zuleika Dobson; Or, An Oxford Love Story","Beerbohm, Max, Sir, 1872-1956",1872,1956,PR,Young women -- Fiction; Love stories; College stories; College students -- Fiction; University of Oxford -- Fiction; Oxford (England) -- Fiction,Best Books Ever Listings,484343,82092
6840,Queen Lucia,"Benson, E. F. (Edward Frederic), 1867-1940",1867,1940,PR,Humorous stories; Women -- England -- Fiction; Lucia (Fictitious character) -- Fiction; England -- Social life and customs -- 20th century -- Fiction,Best Books Ever Listings; Humor,508887,86252
1484,The Four Horsemen of the Apocalypse,"Blasco Ibáñez, Vicente, 1867-1928",1867,1928,PQ,"World War, 1914-1918 -- Fiction; War stories","World War I; Bestsellers, American, 1895-1923; 6 Best Loved Spanish Literary Classics",875374,148368
768,Wuthering Heights,"Brontë, Emily, 1818-1848",1818,1848,PR,Revenge -- Fiction; Psychological fiction; Rejection (Psychology) -- Fiction; Love stories; Domestic fiction; Yorkshire (England) -- Fiction; Foundlings -- Fiction; Rural families -- Fiction; Heathcliff (Fictitious character : Brontë) -- Fiction; Triangles (Interpersonal relations) -- Fiction,Best Books Ever Listings; Gothic Fiction; Movie Books,693819,117596
792,"Wieland; Or, The Transformation: An American Tale","Brown, Charles Brockden, 1771-1810",1771,1810,PS,"Horror tales; Psychological fiction; Epistolary fiction; Gothic fiction; Combustion, Spontaneous -- Fiction; Religious fanaticism -- Fiction; Siblings -- Fiction; Fathers -- Death -- Fiction; Radicals -- Fiction; Pennsylvania -- History -- Colonial period, ca. 1600-1775 -- Fiction",Best Books Ever Listings; Gothic Fiction,501539,85006
68577,The mother,"Buck, Pearl S. (Pearl Sydenstricker), 1892-1973",1892,1973,PS,China -- Fiction; Women peasants -- Fiction; Communism -- Fiction,Nobel Prizes in Literature,426884,72353
59981,The Village,"Bunin, Ivan Alekseevich, 1870-1953",1870,1953,PG,"Russia -- Fiction; Brothers -- Fiction; Peasants -- Russia -- Fiction; Russia -- History -- Revolution, 1905-1907 -- Fiction",Nobel Prizes in Literature,435298,73779
1550,"A Lady of Quality | Being a Most Curious, Hitherto Unknown History, as Related by Mr. Isaac Bickerstaff but Not Presented to the World of Fashion Through the Pages of The Tatler, and Now for the First Time Written Down","Burnett, Frances Hodgson, 1849-1924",1849,1924,PS,Nobility -- Fiction,"Historical Fiction; Bestsellers, American, 1895-1923",479738,81311
2514,T. Tembarom,"Burnett, Frances Hodgson, 1849-1924",1849,1924,PS,City and town life -- Fiction; Man-woman relationships -- Fiction,"Bestsellers, American, 1895-1923",1060802,179796
62,A princess of Mars,"Burroughs, Edgar Rice, 1875-1950",1875,1950,PS,"Science fiction; Mars (Planet) -- Fiction; Princesses -- Fiction; Carter, John (Fictitious character) -- Fiction; Dejah Thoris (Fictitious character) -- Fiction",Science Fiction; Best Books Ever Listings,399822,67766
1906,"Erewhon; Or, Over the Range","Butler, Samuel, 1835-1902",1835,1902,PR,Satire; Utopias -- Fiction; Utopian fiction,New Zealand; Best Books Ever Listings,492581,83488
8771,Jurgen: A Comedy of Justice,"Cabell, James Branch, 1879-1958",1879,1958,PS,Historical fiction; Fantasy fiction; Middle Ages -- Fiction; Allegories,Fantasy; Banned Books from Anne Haight's list,565697,95880
8407,The Christian: A Story,"Caine, Hall, Sir, 1853-1931",1853,1931,PR,Religious fiction,"Bestsellers, American, 1895-1923",1136198,192575
25570,The Manxman : a novel,"Caine, Hall, Sir, 1853-1931",1853,1931,PR,Isle of Man -- Fiction,"Bestsellers, American, 1895-1923",1155527,195852
5748,In Secret,"Chambers, Robert W. (Robert William), 1865-1933",1865,1933,PS,"World War, 1914-1918 -- Fiction","Bestsellers, American, 1895-1923",456120,77308
13813,The Common Law,"Chambers, Robert W. (Robert William), 1865-1933",1865,1933,PS,New York (N.Y.) -- Fiction; Man-woman relationships -- Fiction,"Bestsellers, American, 1895-1923",732436,124141
1695,The Man Who Was Thursday: A Nightmare,"Chesterton, G. K. (Gilbert Keith), 1874-1936",1874,1936,PR,Fantasy fiction; Detective and mystery stories; London (England) -- Fiction; Anarchists -- Fiction; Allegories; Police -- Fiction,Best Books Ever Listings,355410,60238
14885,Red Pottage,"Cholmondeley, Mary, 1859-1925",1859,1925,PR,Fiction,"Bestsellers, American, 1895-1923",678642,115024
3739,A Far Country — Complete,"Churchill, Winston, 1871-1947",1871,1947,PS,Upper class families -- Fiction; Religion and sociology -- Fiction; Ethics -- Fiction,"Bestsellers, American, 1895-1923",992906,168289
5382,A Modern Chronicle — Complete,"Churchill, Winston, 1871-1947",1871,1947,PS,Marriage -- Fiction; United States -- Social life and customs -- 20th century -- Fiction; Women -- Social conditions -- 20th century -- Fiction,"Bestsellers, American, 1895-1923",965121,163579
50906,Savrola: A Tale of the Revolution in Laurania,"Churchill, Winston, 1874-1965",1874,1965,PR,Political fiction; Revolutions -- Fiction,Nobel Prizes in Literature,357965,60672
3242,The Doctor : A Tale of the Rockies,"Connor, Ralph, 1860-1937",1860,1937,PS,Physicians -- Fiction; Canada -- Fiction; Mountain life -- Fiction; Rocky Mountains -- Fiction,"Bestsellers, American, 1895-1923",573458,97196
3249,The Major,"Connor, Ralph, 1860-1937",1860,1937,PS,"Canada -- Fiction; World War, 1914-1918 -- Canada -- Fiction","Bestsellers, American, 1895-1923",706526,119750
5658,Lord Jim,"Conrad, Joseph, 1857-1924",1857,1924,PR,Psychological fiction; Atonement -- Fiction; Merchant marine -- Officers -- Fiction; British -- Indonesia -- Fiction; Cowardice -- Fiction; Indonesia -- Fiction,Best Books Ever Listings,751822,127427
1880,"The Pathfinder; Or, The Inland Sea","Cooper, James Fenimore, 1789-1851",1789,1851,PS,"Historical fiction; Indians of North America -- Fiction; War stories; United States -- History -- French and Indian War, 1754-1763 -- Fiction; Love stories; Frontier and pioneer life -- Fiction; Bumppo, Natty (Fictitious character) -- Fiction; Ontario, Lake (N.Y. and Ont.) -- Fiction",Harvard Classics,1032482,174996
4707,The Valley of Silent Men: A Story of the Three River Country,"Curwood, James Oliver, 1878-1927",1878,1927,PS,Western stories; Royal North West Mounted Police (Canada) -- Fiction; Mounted police -- Fiction; Athabasca (Alta.) -- Fiction; Athabasca River Valley (Alta.) -- Fiction; Peace-Athabasca Delta (Alta.) -- Fiction,"Bestsellers, American, 1895-1923",424633,71971
20015,The Child of Pleasure,"D'Annunzio, Gabriele, 1863-1938",1863,1938,PQ,Fiction,Banned Books from Anne Haight's list,597129,101208
16101,Diane of the Green Van,"Dalrymple, Leona, 1884-1968",1884,1968,PS,Inheritance and succession -- Fiction; Young women -- Fiction; Adventure stories; Automobile travel -- Fiction,"Bestsellers, American, 1895-1923",531174,90029
403,Soldiers of Fortune,"Davis, Richard Harding, 1864-1916",1864,1916,PS,Love stories; Political fiction; Triangles (Interpersonal relations) -- Fiction; Adventure stories; South America -- Fiction; Revolutions -- Fiction; Soldiers of fortune -- Fiction; Mines and mineral resources -- Fiction; Americans -- South America -- Fiction; Mining engineers -- Fiction,"Bestsellers, American, 1895-1923",454202,76983
25702,The Kingdom Round the Corner: A Novel,"Dawson, Coningsby, 1883-1959",1883,1959,PS,"Man-woman relationships -- Fiction; England -- Social life and customs -- 20th century -- Fiction; World War, 1914-1918 -- Veterans -- Fiction","Bestsellers, American, 1895-1923",548947,93041
6315,The Awakening of Helena Richie,"Deland, Margaret Wade Campbell, 1857-1945",1857,1945,PS,Women -- Fiction,"Bestsellers, American, 1895-1923",559320,94800
6474,The Iron Woman,"Deland, Margaret Wade Campbell, 1857-1945",1857,1945,PS,Fiction,"Bestsellers, American, 1895-1923",870894,147609
39834,After the Divorce: A Romance,"Deledda, Grazia, 1871-1936",1871,1936,PQ,Italy -- Fiction; Villages -- Fiction; Divorce -- Fiction; Sardinia (Italy) -- Fiction,Nobel Prizes in Literature,483880,82013
63962,Ashes (Cenere): A Sardinian Story,"Deledda, Grazia, 1871-1936",1871,1936,PQ,Unmarried mothers -- Fiction; Parent and child -- Fiction; Sardinia (Italy) -- Social life and customs -- Fiction,Nobel Prizes in Literature,464099,78660
13497,Greatheart,"Dell, Ethel M. (Ethel May), 1881-1939",1881,1939,PR,Love stories; Triangles (Interpersonal relations) -- Fiction; Brothers -- Fiction,"Bestsellers, American, 1895-1923",833299,141237
43069,The Hundredth Chance,"Dell, Ethel M. (Ethel May), 1881-1939",1881,1939,PR,Young women -- Fiction; Love stories; England -- Social life and customs -- Fiction; Social classes -- England -- Fiction; Horse trainers -- Fiction,"Bestsellers, American, 1895-1923",932756,158094
766,David Copperfield,"Dickens, Charles, 1812-1870",1812,1870,PR,Orphans -- Fiction; Autobiographical fiction; England -- Fiction; Bildungsromans; Young men -- Fiction; Boys -- Fiction; Stepfathers -- Fiction; Child labor -- Fiction,Harvard Classics,2033321,344630
1400,Great Expectations,"Dickens, Charles, 1812-1870",1812,1870,PR,Orphans -- Fiction; England -- Fiction; Revenge -- Fiction; Bildungsromans; Young men -- Fiction; Man-woman relationships -- Fiction; Ex-convicts -- Fiction; Benefactors -- Fiction,Best Books Ever Listings,1058204,179356
26240,The Clansman: An Historical Romance of the Ku Klux Klan,"Dixon, Thomas, Jr., 1864-1946",1864,1946,PS,"Historical fiction; Political fiction; South Carolina -- Fiction; Racism -- Fiction; Ku Klux Klan (19th century) -- Fiction; White supremacy movements -- Fiction; Reconstruction (U.S. history, 1865-1877) -- Fiction","Bestsellers, American, 1895-1923",537192,91049
6037,The One Woman: A Story of Modern Utopia,"Dixon, Thomas, Jr., 1864-1946",1864,1946,PS,Utopias -- Fiction; Utopian fiction,"Bestsellers, American, 1895-1923",457867,77604
2554,Crime and Punishment,"Dostoyevsky, Fyodor, 1821-1881",1821,1881,PG,Detective and mystery stories; Psychological fiction; Saint Petersburg (Russia) -- Fiction; Murder -- Fiction; Crime -- Psychological aspects -- Fiction,Best Books Ever Listings; Crime Fiction; Harvard Classics,1201725,203682
28054,The Brothers Karamazov,"Dostoyevsky, Fyodor, 1821-1881",1821,1881,PG,Didactic fiction; Fathers and sons -- Fiction; Russia -- Social life and customs -- 1533-1917 -- Fiction; Brothers -- Fiction,Best Books Ever Listings,2039141,345617
1661,The Adventures of Sherlock Holmes,"Doyle, Arthur Conan, 1859-1930",1859,1930,PR,"Holmes, Sherlock (Fictitious character) -- Fiction; Private investigators -- England -- Fiction; Detective and mystery stories, English",Detective Fiction; Contemporary Reviews; Banned Books from Anne Haight's list,607606,102984
2852,The Hound of the Baskervilles,"Doyle, Arthur Conan, 1859-1930",1859,1930,PR,"Holmes, Sherlock (Fictitious character) -- Fiction; Private investigators -- England -- Fiction; Dogs -- Fiction; Detective and mystery stories; Blessing and cursing -- Fiction; Dartmoor (England) -- Fiction","Detective Fiction; Bestsellers, American, 1895-1923",388046,65770
5267,Sister Carrie,"Dreiser, Theodore, 1871-1945",1871,1945,PS,New York (N.Y.) -- Fiction; Didactic fiction; Young women -- Fiction; Chicago (Ill.) -- Fiction; Mistresses -- Fiction,Banned Books from Anne Haight's list,919483,155844
31824,"The ""Genius""","Dreiser, Theodore, 1871-1945",1871,1945,PS,Artists -- United States -- Fiction; Artists -- Relations with women -- Fiction,Banned Books from Anne Haight's list,1735536,294158
39858,Trilby,"Du Maurier, George, 1834-1896",1834,1896,PR,Musical fiction; Psychological fiction; Love stories; Women singers -- Fiction; Paris (France) -- Fiction; Artists -- Fiction; Artists' models -- Fiction; Hypnotists -- Fiction,"Bestsellers, American, 1895-1923",620877,105233
1257,The three musketeers,"Dumas, Alexandre, 1802-1870",1802,1870,PQ,"Historical fiction; France -- History -- Louis XIII, 1610-1643 -- Fiction; Adventure and adventurers -- Fiction; Swordsmen -- Fiction",Adventure; Historical Fiction; Best Books Ever Listings; Movie Books,1388843,235397
145,Middlemarch,"Eliot, George, 1819-1880",1819,1880,PR,Didactic fiction; City and town life -- Fiction; England -- Fiction; Young women -- Fiction; Love stories; Domestic fiction; Married people -- Fiction; Bildungsromans,Historical Fiction; Best Books Ever Listings,1865684,316217
6688,The Mill on the Floss,"Eliot, George, 1819-1880",1819,1880,PR,England -- Fiction; Psychological fiction; Young women -- Fiction; Love stories; Domestic fiction; Siblings -- Fiction; Conflict of generations -- Fiction; Vendetta -- Fiction; Loss (Psychology) -- Fiction; Water mills -- Fiction,Harvard Classics,1212404,205492
6057,Fran,"Ellis, J. Breckenridge (John Breckenridge), 1870-1956",1870,1956,PS,Fiction,"Bestsellers, American, 1895-1923",420421,71257
9879,The Amateur Gentleman,"Farnol, Jeffery, 1878-1952",1878,1952,PR,England -- Social life and customs -- 19th century -- Fiction; Inheritance and succession -- Fiction; Bildungsromans; Young men -- Fiction; Social classes -- Fiction,"Bestsellers, American, 1895-1923",1070120,181376
5257,The Broad Highway,"Farnol, Jeffery, 1878-1952",1878,1952,PR,Kent (England) -- Fiction,"Bestsellers, American, 1895-1923",862062,146112
14957,The Brimming Cup,"Fisher, Dorothy Canfield, 1879-1958",1879,1958,PS,Married women -- Fiction; Man-woman relationships -- Fiction; Vermont -- Fiction,"Bestsellers, American, 1895-1923",765013,129663
2413,Madame Bovary,"Flaubert, Gustave, 1821-1880",1821,1880,PQ,Adultery -- Fiction; Domestic fiction; Married women -- Fiction; France -- Fiction; Middle class -- Fiction; Physicians' spouses -- Fiction; Suicide victims -- Fiction,Best Books Ever Listings; Banned Books from Anne Haight's list,694920,117783
1290,Salammbo,"Flaubert, Gustave, 1821-1880",1821,1880,PQ,Historical fiction; Carthage (Extinct city) -- History -- Fiction,Historical Fiction; Banned Books from Anne Haight's list,645595,109422
5719,Janice Meredith: A Story of the American Revolution,"Ford, Paul Leicester, 1865-1902",1865,1902,PS,"United States -- History -- Revolution, 1775-1783 -- Fiction","Bestsellers, American, 1895-1923",1067698,180965
14532,The Honorable Peter Stirling and What People Thought of Him,"Ford, Paul Leicester, 1865-1902",1865,1902,PS,New York (N.Y.) -- Fiction; Love stories; Political fiction; Tenement houses -- Fiction; Labor movement -- Fiction,"Bestsellers, American, 1895-1923",911951,154567
5145,The Heart of the Hills,"Fox, John, Jr., 1862-1919",1862,1919,PS,Bildungsromans; Kentucky -- Fiction; Mountain life -- Fiction; Cumberland Mountains -- Fiction; Environmental protection -- Fiction,"Bestsellers, American, 1895-1923",528291,89540
2059,The Little Shepherd of Kingdom Come,"Fox, John, Jr., 1862-1919",1862,1919,PS,"Historical fiction; War stories; Mountain life -- Fiction; Cumberland Mountains -- Fiction; Kentucky -- History -- Civil War, 1861-1865 -- Fiction","US Civil War; Bestsellers, American, 1895-1923",525882,89132
50670,Clio,"France, Anatole, 1844-1924",1844,1924,DC; PQ,"France -- Social life and customs -- Fiction; Château de Vaux-le-Vicomte (Maincy, France)",Nobel Prizes in Literature,348679,59098
133,The Damnation of Theron Ware,"Frederic, Harold, 1856-1898",1856,1898,PS,Psychological fiction; Clergy -- Fiction; New York (State) -- Fiction; Belief and doubt -- Fiction; Methodists -- Fiction,"Bestsellers, American, 1895-1923",707359,119891
298,The Market-Place,"Frederic, Harold, 1856-1898",1856,1898,PS,England -- Fiction; Swindlers and swindling -- Fiction; Nobility -- Fiction; Capitalists and financiers -- Fiction; Stock exchanges -- Fiction; Jews -- Fiction,"Bestsellers, American, 1895-1923",713731,120971
2453,Beyond,"Galsworthy, John, 1867-1933",1867,1933,PR,Young women -- Fiction; Married women -- Fiction; Man-woman relationships -- Fiction; Marriage -- Fiction; England -- Social life and customs -- 20th century -- Fiction; Upper class families -- England -- Fiction,Nobel Prizes in Literature,684094,115948
2773,Fraternity,"Galsworthy, John, 1867-1933",1867,1933,PR,London (England) -- Fiction; England -- Social life and customs -- 20th century -- Fiction; Upper class families -- England -- Fiction,Nobel Prizes in Literature,574367,97350
73838,The Vatican swindle,"Gide, André, 1869-1951",1869,1951,PQ,Detective and mystery stories; French fiction -- Translations into English,Nobel Prizes in Literature,455489,77201
32,Herland,"Gilman, Charlotte Perkins, 1860-1935",1860,1935,PS,Utopias -- Fiction; Women -- Fiction; Utopian fiction; Black humor,Best Books Ever Listings,328585,55692
14571,Life and Gabriella: The Story of a Woman's Courage,"Glasgow, Ellen Anderson Gholson, 1873-1945",1873,1945,PS,Man-woman relationships -- Fiction; Virginia -- Fiction,"Bestsellers, American, 1895-1923",886758,150297
2384,The Deliverance: A Romance of the Virginia Tobacco Fields,"Glasgow, Ellen Anderson Gholson, 1873-1945",1873,1945,PS,Virginia -- Fiction; Tobacco farmers -- Fiction,"Bestsellers, American, 1895-1923",773342,131074
10959,The Visits of Elizabeth,"Glyn, Elinor, 1864-1943",1864,1943,PR,Young women -- Fiction; Epistolary fiction; Aristocracy (Social class) -- Fiction,"Bestsellers, American, 1895-1923",330557,56026
1081,Dead Souls,"Gogol, Nikolai Vasilevich, 1809-1852",1809,1852,PG,Satire; Humorous stories; Russia -- Social life and customs -- 1533-1917 -- Fiction; Swindlers and swindling -- Russia -- Fiction,Best Books Ever Listings,856911,145239
14730,The Redemption of David Corson,"Goss, Charles Frederic, 1852-1930",1852,1930,PS,Society of Friends -- Fiction,"Bestsellers, American, 1895-1923",598825,101495
289,The Wind in the Willows,"Grahame, Kenneth, 1859-1932",1859,1932,PR; PZ,Fantasy fiction; Animals -- Fiction; Humorous stories; England -- Fiction; Friendship -- Fiction; Pastoral fiction; Country life -- Fiction; River life -- Fiction,Children's Literature; Best Books Ever Listings,358358,60738
14645,Unleavened Bread,"Grant, Robert, 1852-1940",1852,1940,PS,United States -- Social life and customs -- Fiction,"Bestsellers, American, 1895-1923",732055,124077
10201,The Desert of Wheat,"Grey, Zane, 1872-1939",1872,1939,PS,"World War, 1914-1918 -- Fiction; War stories","Western; Bestsellers, American, 1895-1923",696435,118039
1027,The Lone Star Ranger: A Romance of the Border,"Grey, Zane, 1872-1939",1872,1939,PS,Western stories; Mexican-American Border Region -- Fiction,"Western; Bestsellers, American, 1895-1923",564564,95688
2166,King Solomon's Mines,"Haggard, H. Rider (Henry Rider), 1856-1925",1856,1925,PR,"Africa -- Fiction; Missing persons -- Fiction; Adventure stories; Treasure troves -- Fiction; Hunting guides -- Fiction; Diamond mines and mining -- Fiction; Quatermain, Allan (Fictitious character) -- Fiction",Adventure; Best Books Ever Listings; Movie Books,480174,81385
3155,She,"Haggard, H. Rider (Henry Rider), 1856-1925",1856,1925,PR,Africa -- Fiction; Fantasy fiction; Love stories; Adventure stories; Ayesha (Fictitious character : Haggard) -- Fiction; Immortalism -- Fiction; Reincarnation -- Fiction; Women -- Africa -- Fiction,Adventure; Best Books Ever Listings; Movie Books,705171,119520
10984,Growth of the Soil,"Hamsun, Knut, 1859-1952",1859,1952,PT,Norway -- Fiction,Nobel Prizes in Literature,797702,135203
8387,Hunger,"Hamsun, Knut, 1859-1952",1859,1952,PT,Authors -- Fiction; Norway -- Fiction; Hunger -- Fiction; Starvation -- Fiction; Urban poor -- Fiction,Best Books Ever Listings; Nobel Prizes in Literature,382648,64855
34297,Angela's Business,"Harrison, Henry Sydnor, 1880-1930",1880,1930,PS,Fiction,"Bestsellers, American, 1895-1923",658616,111629
14303,Queed: A Novel,"Harrison, Henry Sydnor, 1880-1930",1880,1930,PS,Fiction,"Bestsellers, American, 1895-1923",836211,141730
17241,Atlantis,"Hauptmann, Gerhart, 1862-1946",1862,1946,PT,Fiction,Nobel Prizes in Literature,716789,121489
77,The House of the Seven Gables,"Hawthorne, Nathaniel, 1804-1864",1804,1864,PS,Historical fiction; Domestic fiction; Paranormal fiction; Haunted houses -- Fiction; Salem (Mass.) -- Fiction,Best Books Ever Listings,649593,110100
75201,A farewell to arms,"Hemingway, Ernest, 1899-1961",1899,1961,PS,"World War, 1914-1918 -- Fiction; War stories; Man-woman relationships -- Fiction; Military deserters -- Fiction; Military hospitals -- Fiction; Soldiers -- United States -- Fiction; War wounds -- Fiction; World War, 1914-1918 -- Campaigns -- Italy -- Fiction; World War, 1914-1918 -- Medical care -- Fiction",Nobel Prizes in Literature,525518,89070
67138,The Sun Also Rises,"Hemingway, Ernest, 1899-1961",1899,1961,PS,"Americans -- France -- Fiction; Americans -- Spain -- Fiction; Ashley, Brett (Fictitious character) -- Fiction; Expatriation -- Fiction; Spain -- History -- Alfonso XIII, 1886-1931 -- Fiction",Nobel Prizes in Literature,413336,70056
14813,The Life and Death of Richard Yea-and-Nay,"Hewlett, Maurice, 1861-1923",1861,1923,PR,"Richard I, King of England, 1157-1199 -- Fiction","Historical Fiction; Bestsellers, American, 1895-1923",617476,104656
4603,In the Wilderness,"Hichens, Robert, 1864-1950",1864,1950,PR,Married people -- Fiction; Triangles (Interpersonal relations) -- Fiction; Man-woman relationships -- Fiction; English fiction -- 20th century,"Bestsellers, American, 1895-1923",1326005,224746
3637,The Garden of Allah,"Hichens, Robert, 1864-1950",1864,1950,PR,"Love stories; Married women -- Fiction; British -- Africa, North -- Fiction; Africa, North -- Fiction","Bestsellers, American, 1895-1923",1148624,194682
41822,Phroso: A Romance,"Hope, Anthony, 1863-1933",1863,1933,PR,Islands -- Fiction; Love stories; Adventure stories; British -- Foreign countries -- Fiction,"Bestsellers, American, 1895-1923",569199,96474
20328,Simon Dale,"Hope, Anthony, 1863-1933",1863,1933,PR,"Great Britain -- History -- Charles II, 1660-1685 -- Fiction","Bestsellers, American, 1895-1923",624873,105910
14355,54-40 or Fight,"Hough, Emerson, 1857-1923",1857,1923,PS,Historical fiction; Oregon Territory -- History -- Fiction; United States -- History -- 1815-1861 -- Fiction,"Bestsellers, American, 1895-1923",513324,87004
14001,"The Mississippi Bubble | How the Star of Good Fortune Rose and Set and Rose Again, by a Woman's Grace, for One John Law of Lauriston","Hough, Emerson, 1857-1923",1857,1923,PS,"Law, John, 1671-1729 -- Fiction","Bestsellers, American, 1895-1923",545076,92385
135,Les Misérables,"Hugo, Victor, 1802-1885",1802,1885,PQ,Historical fiction; Orphans -- Fiction; Paris (France) -- Fiction; Epic literature; Ex-convicts -- Fiction,Historical Fiction; Banned Books from Anne Haight's list,3369207,571052
2610,Notre-Dame de Paris,"Hugo, Victor, 1802-1885",1802,1885,PQ,"Historical fiction; People with disabilities -- Fiction; France -- History -- Louis XI, 1461-1483 -- Fiction; Clergy -- Fiction; Man-woman relationships -- Fiction; Paris (France) -- History -- To 1515 -- Fiction; Notre-Dame de Paris (Cathedral) -- Fiction; Romances",Harvard Classics; Movie Books; Banned Books from Anne Haight's list,1230408,208543
7031,The Sheik: A Novel,"Hull, E. M. (Edith Maude), 1880-1947",1880,1947,PR,Love stories; British -- Egypt -- Fiction; Egypt -- Fiction; Kidnapping -- Fiction,"Bestsellers, American, 1895-1923",513403,87017
14145,If Winter Comes,"Hutchinson, A. S. M. (Arthur Stuart-Menteth), 1880-1971",1880,1971,PR,Fiction,"Bestsellers, American, 1895-1923",676759,114704
6415,This Freedom,"Hutchinson, A. S. M. (Arthur Stuart-Menteth), 1880-1971",1880,1971,PR,Marriage -- Fiction; Women -- Social and moral questions -- Fiction,"Bestsellers, American, 1895-1923",654261,110891
13944,"After London; Or, Wild England","Jefferies, Richard, 1848-1887",1848,1887,PR,Science fiction; England -- Fiction; Dystopias -- Fiction; Apocalyptic fiction; Regression (Civilization) -- Fiction,Precursors of Science Fiction; Best Books Ever Listings; United Kingdom,495565,83994
308,Three men in a boat (to say nothing of the dog),"Jerome, Jerome K. (Jerome Klapka), 1859-1927",1859,1927,PR,"Young men -- Travel -- England -- Thames River -- Fiction; Boats and boating -- England -- Thames River -- Fiction; Dogs -- Fiction; Humorous stories, English; Thames River (England) -- Fiction; Male friendship -- Fiction",Best Books Ever Listings; Humor,394007,66780
36355,The Salamander,"Johnson, Owen, 1878-1952",1878,1952,PS,Young women -- Fiction; Man-woman relationships -- Fiction; New York (N.Y.) -- Social life and customs -- 20th century -- Fiction,"Bestsellers, American, 1895-1923",772759,130976
14513,Audrey,"Johnston, Mary, 1870-1936",1870,1936,PS,"Virginia -- History -- Colonial period, ca. 1600-1775 -- Fiction","Bestsellers, American, 1895-1923",705954,119653
14697,Lewis Rand,"Johnston, Mary, 1870-1936",1870,1936,PS,"United States -- History -- Constitutional period, 1789-1809 -- Fiction","Bestsellers, American, 1895-1923",889400,150745
4300,Ulysses,"Joyce, James, 1882-1941",1882,1941,PR,City and town life -- Fiction; Psychological fiction; Domestic fiction; Married people -- Fiction; Male friendship -- Fiction; Dublin (Ireland) -- Fiction; Epic literature; Artists -- Fiction; Jewish men -- Fiction; Alienation (Social psychology) -- Fiction,Best Books Ever Listings; Erotic Fiction; Banned Books from Anne Haight's list; Banned Books List from the American Library Association,1586344,268871
7849,The Trial,"Kafka, Franz, 1883-1924",1883,1924,PT,Allegories; Trials -- Fiction,Best Books Ever Listings; Horror,476819,80816
14579,Simon Called Peter,"Keable, Robert, 1887-1927",1887,1927,PR,"World War, 1914-1918 -- Fiction","Bestsellers, American, 1895-1923",642932,108971
14581,The Just and the Unjust,"Kester, Vaughan, 1869-1911",1869,1911,PS,Fiction,"Bestsellers, American, 1895-1923",514619,87223
5129,The Prodigal Judge,"Kester, Vaughan, 1869-1911",1869,1911,PS,North Carolina -- History -- Fiction,"Bestsellers, American, 1895-1923",699101,118491
14393,The Inner Shrine,"King, Basil, 1859-1928",1859,1928,PS,Widows -- Fiction,"Bestsellers, American, 1895-1923",465897,78965
14394,The Street Called Straight,"King, Basil, 1859-1928",1859,1928,PS,Canadian fiction,"Bestsellers, American, 1895-1923",609306,103272
2226,Kim,"Kipling, Rudyard, 1865-1936",1865,1936,PR,Orphans -- Fiction; India -- Fiction; Boys -- Fiction; Adventure stories; Spy stories; Lamas -- Fiction; Irish -- India -- Fiction,Scouts; Children's Literature; Adventure; Movie Books; Nobel Prizes in Literature,626851,106245
557,Puck of Pook's Hill,"Kipling, Rudyard, 1865-1936",1865,1936,PR; PZ,Fantasy fiction; Space and time -- Fiction; Great Britain -- History -- Fiction,Scouts; Children's Literature; Nobel Prizes in Literature,342741,58091
15837,Jerusalem,"Lagerlöf, Selma, 1858-1940",1858,1940,PT,Swedish fiction -- Translations into English,Nobel Prizes in Literature,460194,77998
76681,Liliecrona's home,"Lagerlöf, Selma, 1858-1940",1858,1940,PT,Young women -- Fiction; Love stories; Domestic fiction; Household employees -- Fiction; Stepmothers -- Fiction; Swedish fiction -- Translations into English; Families of clergy -- Fiction,Nobel Prizes in Literature,397889,67438
14263,Katrine: A Novel,"Lane, Elinor Macartney, 1864-1909",1864,1909,PS,Love stories; Women singers -- Fiction; North Carolina -- Fiction,"Bestsellers, American, 1895-1923",374243,63431
217,Sons and Lovers,"Lawrence, D. H. (David Herbert), 1885-1930",1885,1930,PR,Autobiographical fiction; England -- Fiction; Domestic fiction; Bildungsromans; Young men -- Fiction; Working class families -- Fiction,Best Books Ever Listings; Banned Books from Anne Haight's list; Banned Books List from the American Library Association,954721,161817
28948,The Rainbow,"Lawrence, D. H. (David Herbert), 1885-1930",1885,1930,PR,Domestic fiction; Family -- England -- Midlands -- Fiction; Midlands (England) -- Fiction,Banned Books from Anne Haight's list,1085889,184048
14851,Uncle Silas: A Tale of Bartram-Haugh,"Le Fanu, Joseph Sheridan, 1814-1873",1814,1873,PR,Orphans -- Fiction; Psychological fiction; Governesses -- Fiction; Uncles -- Fiction; Gothic fiction; Murderers -- Fiction,Best Books Ever Listings,945490,160252
601,The Monk: A Romance,"Lewis, M. G. (Matthew Gregory), 1775-1818",1775,1818,PR,Horror tales; Gothic fiction; Monks -- Fiction; Madrid (Spain) -- Fiction,Best Books Ever Listings; Gothic Fiction,828870,140486
70875,Arrowsmith,"Lewis, Sinclair, 1885-1951",1885,1951,PS,Satire; Physicians -- Fiction; Medical fiction; Medical ethics -- Fiction; Medicine -- Practice -- Fiction; Medicine -- Research -- Fiction,Nobel Prizes in Literature,999386,169387
1156,Babbitt,"Lewis, Sinclair, 1885-1951",1885,1951,PS,Satire; Psychological fiction; Businessmen -- Fiction; Middle-aged men -- Fiction; Conformity -- Fiction,"Bestsellers, American, 1895-1923; Nobel Prizes in Literature",754489,127879
3263,The Portygee,"Lincoln, Joseph Crosby, 1870-1944",1870,1944,PS,Grandparent and child -- Fiction; Spanish Americans -- Fiction,"Bestsellers, American, 1895-1923",716373,121419
1329,A Voyage to Arcturus,"Lindsay, David, 1876-1945",1876,1945,PR,Science fiction; Psychological fiction; Quests (Expeditions) -- Fiction; Life on other planets -- Fiction,Science Fiction; Best Books Ever Listings,574415,97358
14669,Jaffery,"Locke, William John, 1863-1930",1863,1930,PR,Fiction,"Bestsellers, American, 1895-1923",600606,101797
14395,Septimus,"Locke, William John, 1863-1930",1863,1930,PR,Fiction,"Bestsellers, American, 1895-1923",515432,87361
1951,The Coming Race,"Lytton, Edward Bulwer Lytton, Baron, 1803-1873",1803,1873,PR,"Science fiction; Utopias -- Fiction; Utopian fiction; Civilization, Subterranean -- Fiction; Underground areas -- Fiction",Precursors of Science Fiction; Best Books Ever Listings,327200,55457
4790,Half a Rogue,"MacGrath, Harold, 1871-1932",1871,1932,PS,Fiction,"Bestsellers, American, 1895-1923",514961,87281
14598,The Goose Girl,"MacGrath, Harold, 1871-1932",1871,1932,PS,Princesses -- Fiction,"Bestsellers, American, 1895-1923",396749,67245
7179,Beside the Bonnie Brier Bush,"Maclaren, Ian, 1850-1907",1850,1907,PR,Scotland -- Social life and customs -- Fiction,"Bestsellers, American, 1895-1923",335451,56856
20399,Kate Carnegie and Those Ministers,"Maclaren, Ian, 1850-1907",1850,1907,PR,Domestic fiction; Scotland -- Social life and customs -- 19th century -- Fiction; Country life -- Scotland -- Fiction,"Bestsellers, American, 1895-1923",554288,93947
14671,Dorothy Vernon of Haddon Hall,"Major, Charles, 1856-1913",1856,1913,PS,"Historical fiction; Great Britain -- History -- Elizabeth, 1558-1603 -- Fiction; Haddon Hall (England) -- Fiction","Bestsellers, American, 1895-1923",663368,112435
17498,"When Knighthood Was in Flower | or, the Love Story of Charles Brandon and Mary Tudor the King's Sister, and Happening in the Reign of His August Majesty King Henry the Eighth","Major, Charles, 1856-1913",1856,1913,PS,"Historical fiction; Great Britain -- History -- Henry VIII, 1509-1547 -- Fiction; Love stories; Suffolk, Charles Brandon, Duke of, approximately 1484-1545 -- Fiction; Mary, Queen, consort of Louis XII, King of France, 1496-1533 -- Fiction","Bestsellers, American, 1895-1923",527973,89486
23784,The History of Sir Richard Calmady: A Romance,"Malet, Lucas, 1852-1931",1852,1931,PR,People with disabilities -- Fiction; Psychological fiction; Cousins -- Fiction; Triangles (Interpersonal relations) -- Fiction; Mothers and sons -- Fiction; Lesbians -- Fiction,"Bestsellers, American, 1895-1923",1586434,268887
36028,Royal Highness,"Mann, Thomas, 1875-1955",1875,1955,PT,Germany -- Fiction; German fiction -- Translations into English; Courts and courtiers -- Fiction,Nobel Prizes in Literature,707147,119855
14605,The Devil's Garden,"Maxwell, W. B. (William Babington), 1866-1938",1866,1938,PR,Fiction,"Bestsellers, American, 1895-1923",700966,118807
6801,Beverly of Graustark,"McCutcheon, George Barr, 1866-1928",1866,1928,PS,"Love stories; Impostors and imposture -- Fiction; Europe -- Fiction; Americans -- Foreign countries -- Fiction; Courts and courtiers -- Fiction; Graustark (Imaginary place) -- Fiction; Imaginary places -- Europe, Eastern -- Fiction","Bestsellers, American, 1895-1923",511392,86676
4709,Brewster's Millions,"McCutcheon, George Barr, 1866-1928",1866,1928,PS,Humorous stories; Inheritance and succession -- Fiction; Bildungsromans; Young men -- Fiction; Millionaires -- Fiction,Best Books Ever Listings,379719,64359
46046,Sonia: Between Two Worlds,"McKenna, Stephen, 1888-1967",1888,1967,PR,"Man-woman relationships -- Fiction; World War, 1914-1918 -- England -- Fiction; England -- Social life and customs -- 20th century -- Fiction","Bestsellers, American, 1895-1923",934018,158308
15,"Moby-Dick; or, The Whale","Melville, Herman, 1819-1891",1819,1891,PS,"Whaling -- Fiction; Sea stories; Psychological fiction; Ship captains -- Fiction; Adventure stories; Mentally ill -- Fiction; Ahab, Captain (Fictitious character) -- Fiction; Whales -- Fiction; Whaling ships -- Fiction",Adventure; Best Books Ever Listings,1296752,219788
6485,"Hugh Wynne, Free Quaker | Sometime Brevet Lieutenant-Colonel on the Staff of his Excellency General Washington","Mitchell, S. Weir (Silas Weir), 1829-1914",1829,1914,PS,"United States -- History -- Revolution, 1775-1783 -- Fiction; Quakers -- Fiction","Bestsellers, American, 1895-1923",844109,143069
43241,"The Adventures of François | Foundling, Thief, Juggler, and Fencing-Master during the French Revolution","Mitchell, S. Weir (Silas Weir), 1829-1914",1829,1914,PS,"France -- History -- Revolution, 1789-1799 -- Fiction","Bestsellers, American, 1895-1923",456491,77371
7508,A Mummer's Wife,"Moore, George, 1852-1933",1852,1933,PR,Adultery -- Fiction; Married people -- Fiction; Staffordshire (England) -- Fiction; Actors -- Fiction,Banned Books from Anne Haight's list,813360,137857
8157,Esther Waters,"Moore, George, 1852-1933",1852,1933,PR,England -- Fiction; Domestic fiction; Mothers and sons -- Fiction; Unmarried mothers -- Fiction; Women household employees -- Fiction,Banned Books from Anne Haight's list,777589,131794
72258,The Spanish farm,"Mottram, R. H. (Ralph Hale), 1883-1971",1883,1971,PR,"World War, 1914-1918 -- Fiction; War stories",Nobel Prizes in Literature,346899,58796
15138,A Hoosier Chronicle,"Nicholson, Meredith, 1866-1947",1866,1947,PS,Indiana -- Fiction,"Bestsellers, American, 1895-1923",917098,155440
12441,The House of a Thousand Candles,"Nicholson, Meredith, 1866-1947",1866,1947,PS,Inheritance and succession -- Fiction; Indiana -- Fiction; Mystery and detective stories,"Bestsellers, American, 1895-1923",491897,83372
4382,The pit,"Norris, Frank, 1870-1902",1870,1902,PS,Didactic fiction; Psychological fiction; Domestic fiction; Married people -- Fiction; Chicago (Ill.) -- Fiction; Wheat trade -- Fiction,"Bestsellers, American, 1895-1923",732842,124210
5006,Harriet and the Piper,"Norris, Kathleen Thompson, 1880-1966",1880,1966,PS,Married people -- Fiction; Man-woman relationships -- Fiction; New York (N.Y.) -- Social life and customs -- 20th century -- Fiction,"Bestsellers, American, 1895-1923",534872,90656
4915,The Heart of Rachael,"Norris, Kathleen Thompson, 1880-1966",1880,1966,PS,Married women -- Fiction; Divorce -- Fiction,"Bestsellers, American, 1895-1923",762812,129290
60,The Scarlet Pimpernel,"Orczy, Emmuska Orczy, Baroness, 1865-1947",1865,1947,PR,"Historical fiction; France -- History -- Revolution, 1789-1799 -- Fiction; Adventure stories; British -- France -- Fiction; Nobility -- Fiction; Blakeney, Percy, Sir (Fictitious character) -- Fiction",Adventure; Best Books Ever Listings; Movie Books,526182,89183
14068,Gordon Keith,"Page, Thomas Nelson, 1853-1922",1853,1922,PS,Young men -- Fiction; Southern States -- History -- 1865-1877 -- Fiction,"Bestsellers, American, 1895-1923",998177,169182
6236,The Battle of the Strong: A Romance of Two Kingdoms — Complete,"Parker, Gilbert, 1862-1932",1862,1932,PS,"Anglo-French War, 1793-1802 -- Fiction; Channel Islands -- Fiction","Bestsellers, American, 1895-1923",735586,124675
3746,The Judgment House,"Parker, Gilbert, 1862-1932",1862,1932,PS,"South African War, 1899-1902 -- Fiction; Married people -- Fiction; Triangles (Interpersonal relations) -- Fiction; Man-woman relationships -- Fiction","Bestsellers, American, 1895-1923",853197,144609
29468,The Story of Don Quixote,"Paulson, Arvid, 1888-1977",1888,1977,PQ; PZ,Spain -- Social life and customs -- 16th century -- Fiction; Knights and knighthood -- Spain -- Fiction; Picaresque literature; Romances,Best Books Ever Listings,559196,94778
450,Susan Lenox: Her Fall and Rise,"Phillips, David Graham, 1867-1911",1867,1911,PS,Prostitutes -- Fiction; Women -- United States -- Fiction; Actresses -- Fiction,Banned Books from Anne Haight's list,1755554,297551
14396,His Family,"Poole, Ernest, 1880-1950",1880,1950,PS,Family -- Fiction; New York (N.Y.) -- Social conditions -- Fiction,"Bestsellers, American, 1895-1923",559206,94780
29932,The Harbor,"Poole, Ernest, 1880-1950",1880,1950,PS,Fiction,"Bestsellers, American, 1895-1923",690516,117036
5962,"Oh, Money! Money! A Novel","Porter, Eleanor H. (Eleanor Hodgman), 1868-1920",1868,1920,PS,Inheritance and succession -- Fiction; Love stories; New England -- Fiction; Impostors and imposture -- Fiction; Cousins -- Fiction,"Bestsellers, American, 1895-1923",501568,85011
35093,The Road to Understanding,"Porter, Eleanor H. (Eleanor Hodgman), 1868-1920",1868,1920,PS,Married people -- Fiction; Marriage -- Fiction,"Bestsellers, American, 1895-1923",531020,90003
25760,The Comedienne,"Reymont, Władysław Stanisław, 1867-1925",1867,1925,PG,Poland -- Fiction; Actresses -- Fiction,Nobel Prizes in Literature,558500,94661
75846,"The peasants, [vol. 1]","Reymont, Władysław Stanisław, 1867-1925",1867,1925,PG,Polish fiction -- Translations into English; Peasants -- Poland -- Fiction,Nobel Prizes in Literature,519978,88131
1970,A Poor Wise Man,"Rinehart, Mary Roberts, 1876-1958",1876,1958,PS,Mystery fiction,"Bestsellers, American, 1895-1923",735420,124647
1693,Dangerous Days,"Rinehart, Mary Roberts, 1876-1958",1876,1958,PS,"World War, 1914-1918 -- Fiction; Businessmen -- Fiction; United States -- Social life and customs -- 20th century -- Fiction; Families -- Fiction","Bestsellers, American, 1895-1923",706156,119687
39689,Satan Sanderson,"Rives, Hallie Erminie, 1876-1956",1876,1956,PS,United States -- Social life and customs -- Fiction; Love stories; Clergy -- Fiction; Mistaken identity -- Fiction,"Bestsellers, American, 1895-1923",491489,83303
42427,The Kingdom of Slender Swords,"Rives, Hallie Erminie, 1876-1956",1876,1956,PS,"East and West -- Fiction; Japan -- History -- Meiji period, 1868-1912 -- Fiction","Bestsellers, American, 1895-1923",574279,97335
10868,Clerambault: The Story of an Independent Spirit During the War,"Rolland, Romain, 1866-1944",1866,1944,PQ,"World War, 1914-1918 -- Fiction",Nobel Prizes in Literature,489079,82894
70371,Colas Breugnon,"Rolland, Romain, 1866-1944",1866,1944,PQ,French fiction -- Translations into English,Nobel Prizes in Literature,402092,68151
14219,The Helmet of Navarre,"Runkle, Bertha, 1879-1958",1879,1958,PS,"Henry IV, King of France, 1553-1610 -- Fiction; Love stories; France -- History -- 16th century -- Fiction","Bestsellers, American, 1895-1923",628405,106509
1965,Captain Blood,"Sabatini, Rafael, 1875-1950",1875,1950,PR,Historical fiction; Sea stories; Physicians -- Fiction; Adventure stories; Pirates -- Fiction; Caribbean Area -- Fiction; British -- Caribbean Area -- Fiction,"Adventure; Best Books Ever Listings; Pirates, Buccaneers, Corsairs, etc.; Movie Books",683571,115859
1947,Scaramouche: A Romance of the French Revolution,"Sabatini, Rafael, 1875-1950",1875,1950,PR,"France -- History -- Revolution, 1789-1799 -- Fiction; War stories; Love stories; Adventure stories",Adventure; Best Books Ever Listings; Movie Books,755139,127989
2590,Guy Mannering,"Scott, Walter, 1771-1832",1771,1832,PR,Historical fiction; Inheritance and succession -- Fiction; Disinheritance -- Fiction; Scotland -- Fiction; Astrologers -- Fiction,Historical Fiction; Harvard Classics,1038156,175958
5355,"Guy Mannering, Or, the Astrologer — Complete","Scott, Walter, 1771-1832",1771,1832,PR,Historical fiction; Inheritance and succession -- Fiction; Disinheritance -- Fiction; Scotland -- Fiction; Astrologers -- Fiction,Historical Fiction; Harvard Classics,1047218,177494
30115,Tante,"Sedgwick, Anne Douglas, 1873-1935",1873,1935,PR,Fiction,"Bestsellers, American, 1895-1923",869286,147336
1654,An Unsocial Socialist,"Shaw, Bernard, 1856-1950",1856,1950,PR,Satire; Rich people -- Fiction; Disguise -- Fiction; Socialism -- Fiction,Nobel Prizes in Literature,545277,92419
5872,Cashel Byron's Profession,"Shaw, Bernard, 1856-1950",1856,1950,PR,Boxers (Sports) -- Fiction; Boxing stories,Nobel Prizes in Literature,505512,85680
44939,Children of the Soil,"Sienkiewicz, Henryk, 1846-1916",1846,1916,PG,Poland -- Fiction; Families -- Fiction,Nobel Prizes in Literature,1499823,254207
36583,Hania,"Sienkiewicz, Henryk, 1846-1916",1846,1916,PG,Polish fiction -- Translations into English,Nobel Prizes in Literature,887451,150415
13883,The Tree of Heaven,"Sinclair, May, 1863-1946",1863,1946,PR,"World War, 1914-1918 -- Great Britain -- Fiction; Women -- Suffrage -- Great Britain -- Fiction","Bestsellers, American, 1895-1923",597603,101288
140,The Jungle,"Sinclair, Upton, 1878-1968",1878,1968,PS,Meat industry and trade -- Fiction; Working class -- Fiction; Political fiction; Lithuanian Americans -- Fiction; Stockyards -- Fiction; Immigrants -- Fiction; Chicago (Ill.) -- Fiction,"Contemporary Reviews; Bestsellers, American, 1895-1923; Banned Books from Anne Haight's list; Banned Books List from the American Library Association",854298,144796
42362,"Caleb West, Master Diver","Smith, Francis Hopkinson, 1838-1915",1838,1915,PS,Divers -- Fiction,"Bestsellers, American, 1895-1923",518975,87961
5229,Felix O'Day,"Smith, Francis Hopkinson, 1838-1915",1838,1915,PS,New York (N.Y.) -- Fiction; Runaway wives -- Fiction; Irish -- United States -- Fiction,"Bestsellers, American, 1895-1923",546450,92618
40140,On the Face of the Waters: A Tale of the Mutiny,"Steel, Flora Annie Webster, 1847-1929",1847,1929,PR,"Historical fiction; India -- History -- Sepoy Rebellion, 1857-1858 -- Fiction; Delhi (India) -- History -- Siege, 1857 -- Fiction","Bestsellers, American, 1895-1923",1015559,172128
421,Kidnapped,"Stevenson, Robert Louis, 1850-1894",1850,1894,PR,Historical fiction; Scotland -- History -- 18th century -- Fiction; Adventure and adventurers -- Fiction; Kidnapping -- Fiction,Children's Literature; Adventure; Historical Fiction; Best Books Ever Listings; Movie Books,459911,77951
120,Treasure Island,"Stevenson, Robert Louis, 1850-1894",1850,1894,PR; PZ,Sea stories; Pirates -- Fiction; Treasure troves -- Fiction; Treasure Island (Imaginary place) -- Fiction,"Children's Literature; Historical Fiction; Best Books Ever Listings; Pirates, Buccaneers, Corsairs, etc.",399873,67775
12190,The Adventures of Captain Horn,"Stockton, Frank R., 1834-1902",1834,1902,PS,Ship captains -- Fiction; Conduct of life -- Fiction; Siblings -- Fiction; Adventure stories; Treasure troves -- Fiction; Outdoor life -- Fiction; Sailors -- Fiction; Shipwrecks -- Fiction; Voyages and travels -- Fiction; Peru -- Fiction; Brigands and robbers -- Fiction,"Bestsellers, American, 1895-1923",700692,118761
203,Uncle Tom's Cabin,"Stowe, Harriet Beecher, 1811-1896",1811,1896,PS,Slavery -- Fiction; Didactic fiction; Political fiction; Master and servant -- Fiction; African Americans -- Fiction; Southern States -- Fiction; Fugitive slaves -- Fiction; Plantation life -- Fiction; Uncle Tom (Fictitious character) -- Fiction; Enslaved persons -- Fiction,US Civil War; Slavery; Banned Books from Anne Haight's list,1079453,182958
3722,A Daughter of the Land,"Stratton-Porter, Gene, 1863-1924",1863,1924,PZ; PS,Indiana -- Fiction; Sex role -- Fiction; Farm life -- Indiana -- Fiction,"Bestsellers, American, 1895-1923",710528,120428
904,Her Father's Daughter,"Stratton-Porter, Gene, 1863-1924",1863,1924,PS,Sisters -- Fiction; Friendship -- Fiction; Adventure and adventurers -- Fiction; California -- Fiction; Racism -- Fiction; Interpersonal relations -- Fiction,"Bestsellers, American, 1895-1923",764770,129622
18259,Gentle Julia,"Tarkington, Booth, 1869-1946",1869,1946,PS,Fiction,"Bestsellers, American, 1895-1923",446197,75626
402,Penrod,"Tarkington, Booth, 1869-1946",1869,1946,PS,Humorous stories; Bildungsromans; Boys -- Fiction; Middle West -- Fiction,"Best Books Ever Listings; Bestsellers, American, 1895-1923",374519,63477
599,Vanity Fair,"Thackeray, William Makepeace, 1811-1863",1811,1863,PR,"Satire; England -- Fiction; Married women -- Fiction; Female friendship -- Fiction; Social classes -- Fiction; British -- Europe -- Fiction; Waterloo, Battle of, Waterloo, Belgium, 1815 -- Fiction",Historical Fiction; Harvard Classics,1765821,299291
4097,Alice of Old Vincennes,"Thompson, Maurice, 1844-1901",1844,1901,PS,"Historical fiction; Orphans -- Fiction; War stories; Love stories; Indiana -- History -- Revolution, 1775-1783 -- Fiction; Vincennes (Ind.) -- Fiction","Bestsellers, American, 1895-1923",635063,107637
14054,Max,"Thurston, Katherine Cecil, 1875-1911",1875,1911,PR,Love stories; Princesses -- Fiction; Impersonation -- Fiction,"Bestsellers, American, 1895-1923",498248,84448
33490,The Gambler: A Novel,"Thurston, Katherine Cecil, 1875-1911",1875,1911,PR,Fiction,"Bestsellers, American, 1895-1923",760395,128880
1399,Anna Karenina,"Tolstoy, Leo, graf, 1828-1910",1828,1910,PG,Adultery -- Fiction; Didactic fiction; Love stories; Married women -- Fiction; Russia -- Fiction,Best Books Ever Listings; Harvard Classics; Movie Books,2067952,350500
2600,War and Peace,"Tolstoy, Leo, graf, 1828-1910",1828,1910,PG,"Historical fiction; War stories; Napoleonic Wars, 1800-1815 -- Campaigns -- Russia -- Fiction; Russia -- History -- Alexander I, 1801-1825 -- Fiction; Aristocracy (Social class) -- Russia -- Fiction",Napoleonic(Bookshelf); Opera; Historical Fiction; Best Books Ever Listings; Movie Books,3359610,569425
2432,Barchester Towers,"Trollope, Anthony, 1815-1882",1815,1882,PR,Barchester (England : Imaginary place) -- Fiction; Domestic fiction; Clergy -- Fiction; Barsetshire (England : Imaginary place) -- Fiction,Best Books Ever Listings,1123622,190444
5721,A House of Gentlefolk,"Turgenev, Ivan Sergeevich, 1818-1883",1818,1883,PG,Russia -- Social life and customs -- Fiction,Harvard Classics,382048,64753
67929,The Bridal Wreath,"Undset, Sigrid, 1882-1949",1882,1949,PT,Historical fiction; Norway -- Social life and customs -- Fiction; Women -- Norway -- Fiction,Nobel Prizes in Literature,640429,108547
9779,The Black Bag,"Vance, Louis Joseph, 1879-1933",1879,1933,PS,Adventure stories; Mystery fiction; Jewel thieves -- Fiction,"Bestsellers, American, 1895-1923",593080,100522
8741,The Brass Bowl,"Vance, Louis Joseph, 1879-1933",1879,1933,PS,Fiction,"Bestsellers, American, 1895-1923",386330,65479
3748,A Journey into the Interior of the Earth,"Verne, Jules, 1828-1905",1828,1905,PQ,"Science fiction; Adventure stories; Earth (Planet) -- Core -- Fiction; Voyages, Imaginary -- Fiction",Science Fiction; Best Books Ever Listings,448892,76083
103,Around the World in Eighty Days,"Verne, Jules, 1828-1905",1828,1905,PQ,Adventure stories; Voyages around the world -- Fiction,Adventure; Best Books Ever Listings; Movie Books,403712,68425
14646,Christopher and Columbus,"Von Arnim, Elizabeth, 1866-1941",1866,1941,PR,Young women -- Fiction; Sisters -- Fiction; Twins -- Fiction; Germans -- Foreign countries -- Fiction,"Bestsellers, American, 1895-1923",702443,119058
13782,Lady Rose's Daughter,"Ward, Humphry, Mrs., 1851-1920",1851,1920,PR,English fiction -- 19th century,"Bestsellers, American, 1895-1923",770735,130633
14126,The Marriage of William Ashe,"Ward, Humphry, Mrs., 1851-1920",1851,1920,PR,London (England) -- Fiction; Married people -- Fiction; Politicians -- Fiction,"Bestsellers, American, 1895-1923",858667,145536
13454,Aylwin,"Watts-Dunton, Theodore, 1832-1914",1832,1914,PR,Fiction,"Bestsellers, American, 1895-1923",992061,168145
18863,The Loom of Youth,"Waugh, Alec, 1898-1981",1898,1981,PR,Boarding schools -- England -- Fiction,Banned Books from Anne Haight's list,613893,104049
15384,The Real Adventure,"Webster, Henry Kitchell, 1875-1932",1875,1932,PS,Married people -- Fiction; Man-woman relationships -- Fiction,"Bestsellers, American, 1895-1923",1168518,198053
238,Dear Enemy,"Webster, Jean, 1876-1916",1876,1916,PZ; PS,Orphans -- Fiction,"Bestsellers, American, 1895-1923",396794,67253
14060,Mr. Britling Sees It Through,"Wells, H. G. (Herbert George), 1866-1946",1866,1946,PR,"World War, 1914-1918 -- Fiction; War stories","World War I; Bestsellers, American, 1895-1923",832983,141183
17617,David Harum | A Story of American Life,"Westcott, Edward Noyes, 1847-1898",1847,1898,PS,New York (State) -- Fiction; Bankers -- Fiction,"Bestsellers, American, 1895-1923",600160,101722
39137,Shrewsbury: A Romance,"Weyman, Stanley John, 1855-1928",1855,1928,PR,"Historical fiction; Great Britain -- History -- William and Mary, 1689-1702 -- Fiction","Bestsellers, American, 1895-1923",712894,120829
541,The Age of Innocence,"Wharton, Edith, 1862-1937",1862,1937,PS,New York (N.Y.) -- Fiction; Love stories; Domestic fiction; Married people -- Fiction; Triangles (Interpersonal relations) -- Fiction; Separated people -- Fiction; Upper class -- Fiction,"Movie Books; Bestsellers, American, 1895-1923",609882,103369
284,The House of Mirth,"Wharton, Edith, 1862-1937",1862,1937,PS,New York (N.Y.) -- Fiction; Psychological fiction; Single women -- Fiction; Social classes -- Fiction,"Bestsellers, American, 1895-1923",777957,131857
14960,The silent places,"White, Stewart Edward, 1873-1946",1873,1946,PS,Indians of North America -- Fiction; Great Lakes Region (North America) -- Fiction; Outdoorsmen -- Fiction; Tracking and trailing -- Fiction; Frontier and pioneer life -- Great Lakes Region (North America) -- Fiction,"Bestsellers, American, 1895-1923",333608,56543
28877,Penelope's Progress | Being Such Extracts from the Commonplace Book of Penelope Hamilton As Relate to Her Experiences in Scotland,"Wiggin, Kate Douglas Smith, 1856-1923",1856,1923,PS,Americans -- Scotland -- Fiction; Scotland -- Social life and customs -- 19th century -- Fiction,"Bestsellers, American, 1895-1923",364593,61795
39984,Lord Loveland Discovers America,"Williamson, C. N. (Charles Norris), 1859-1920",1859,1920,PR,Young men -- Fiction; Mate selection -- Fiction; British -- United States -- Fiction; Aristocracy (Social class) -- England -- Fiction,"Bestsellers, American, 1895-1923",622674,105537
14740,The Princess Passes,"Williamson, C. N. (Charles Norris), 1859-1920",1859,1920,PR,Automobiles -- Fiction,"Bestsellers, American, 1895-1923",590953,100161
1386,Lady Baltimore,"Wister, Owen, 1860-1938",1860,1938,PS,Historical fiction; Charleston (S.C.) -- Fiction,"Bestsellers, American, 1895-1923",568759,96399
1298,The Virginian: A Horseman of the Plains,"Wister, Owen, 1860-1938",1860,1938,PS,Western stories; Cowboys -- Fiction; Cattle stealing -- Fiction; Vigilantes -- Fiction; Wyoming -- Fiction,"Western; Bestsellers, American, 1895-1923",768700,130288
2005,Piccadilly Jim,"Wodehouse, P. G. (Pelham Grenville), 1881-1975",1881,1975,PR,"Humorous stories; Piccadilly (London, England) -- Fiction",Best Books Ever Listings; Humor,480952,81517
2042,Something New,"Wodehouse, P. G. (Pelham Grenville), 1881-1975",1881,1975,PR,Humorous stories; Nobility -- Fiction; Blandings Castle (England : Imaginary place) -- Fiction; Shropshire (England) -- Fiction,Best Books Ever Listings; Humor,449003,76102
9410,Helen of the Old House,"Wright, Harold Bell, 1872-1944",1872,1944,PS,Fiction,"Bestsellers, American, 1895-1923",533242,90380
11715,The Eyes of the World,"Wright, Harold Bell, 1872-1944",1872,1944,PS,Legacies -- Fiction; Artists -- Fiction; California -- Fiction; Painters -- Fiction,"Bestsellers, American, 1895-1923",673871,114215
