pg_id,title,author,born,died,locc,subjects,bookshelves,bytes,words_est
59333,Harold's Bride: A Tale,"A. L. O. E., 1821-1893",1821,1893,PR,Marriage -- Fiction; Missions -- India -- Fiction; India -- History -- 19th century -- Fiction,Category: Novels,324538,55006
26094,Hebrew Heroes: A Tale Founded on Jewish History,"A. L. O. E., 1821-1893",1821,1893,BM; BS; PR,"Biographical fiction; Bible. Old Testament -- Fiction; Judas Maccabaeus (Judah Maccabee, יהודה המכבי); Jews -- History -- Fiction",Category: Historical Novels,421974,71521
35533,The Haunted Room: A Tale,"A. L. O. E., 1821-1893",1821,1893,PR,Fiction,Category: Novels; Category: British Literature,422978,71691
35705,The Spanish Cavalier: A Story of Seville,"A. L. O. E., 1821-1893",1821,1893,PR,Seville (Spain) -- Fiction,Category: Historical Novels; Category: Novels,370411,62781
4955,Leah Mordecai: A Novel,"Abbott, Belle K. (Belle Kendrick), 1842-1893",1842,1893,PS,Fiction,Category: Historical Novels; Category: Novels,350534,59412
56843,Silanus the Christian,"Abbott, Edwin Abbott, 1838-1926",1838,1926,BR; PR,"Church history -- Primitive and early church, ca. 30-600 -- Fiction; Christian fiction",Category: Historical Novels; Category: Novels,794093,134592
29865,Highacres,"Abbott, Jane, 1881-1968",1881,1968,PZ; PS,Fiction,Category: Children & Young Adult Reading; Category: Novels; Category: American Literature,387074,65605
4954,"Laicus; Or, the Experiences of a Layman in a Country Parish.","Abbott, Lyman, 1835-1922",1835,1922,PS,Christian fiction; New York (State) -- Fiction; Parishes -- Fiction,Category: Novels; Category: American Literature; Category: Religion/Spirituality,385994,65422
42096,The King of the Mountains,"About, Edmond, 1828-1885",1828,1885,PQ,Brigands and robbers -- Fiction,Category: Adventure; Category: Novels; Category: French Literature,385623,65359
20724,The man with the broken ear,"About, Edmond, 1828-1885",1828,1885,PQ,Science fiction,Category: Science-Fiction & Fantasy; Category: Novels; Category: French Literature,367286,62251
17955,The Trials of the Soldier's Wife: A Tale of the Second American Revolution,"Abrams, Alex. St. Clair (Alexander St. Clair), 1845-1931",1845,1931,PS,"United States -- History -- Civil War, 1861-1865 -- Fiction; Confederate States of America -- Fiction",Category: Historical Novels; Category: Novels; Category: American Literature,414972,70334
8661,An Algonquin Maiden: A Romance of the Early Days of Upper Canada,"Adam, G. Mercer (Graeme Mercer), 1830-1912",1830,1912,PS,Historical fiction; Indians of North America -- Canada -- Fiction; Love stories; Algonquian Indians -- Fiction,Category: Historical Novels; Category: Romance; Category: Novels,447011,75764
12919,A Texas Matchmaker,"Adams, Andy, 1859-1935",1859,1935,PS,Texas -- Fiction,Western; Category: Romance; Category: Novels; Category: American Literature,526097,89168
12884,"Reed Anthony, Cowman: An Autobiography","Adams, Andy, 1859-1935",1859,1935,PS,Texas -- Fiction; Ranchers -- Fiction,Western; Category: Biographies; Category: Adventure; Category: History - American,548201,92915
12797,The Log of a Cowboy: A Narrative of the Old Trail Days,"Adams, Andy, 1859-1935",1859,1935,PS,Western stories; Cowboys -- Fiction; Cattle drives -- Fiction,Western; Category: Historical Novels; Category: Adventure; Category: American Literature,567804,96237
1987,The Outlet,"Adams, Andy, 1859-1935",1859,1935,PS,Fiction; Western stories,Western; Category: Historical Novels; Category: Adventure; Category: American Literature,554120,93918
12791,Wells Brothers: The Young Cattle Kings,"Adams, Andy, 1859-1935",1859,1935,PS,Historical fiction; Western stories; Ranch life -- Fiction,Western; Category: Adventure; Category: Novels; Category: American Literature,444513,75341
20745,"An Outcast; Or, Virtue and Faith","Adams, F. Colburn (Francis Colburn), 1850-1891",1850,1891,PS,Conduct of life -- Fiction; United States -- Social life and customs -- 19th century -- Fiction; Vice -- Fiction,Category: Novels; Category: American Literature,720416,122104
4958,"Justice in the By-Ways, a Tale of Life","Adams, F. Colburn (Francis Colburn), 1850-1891",1850,1891,PS,Slavery -- Fiction; Charleston (S.C.) -- History -- 1775-1865 -- Fiction,Category: Novels; Category: American Literature,733221,124274
4680,"Manuel Pereira; Or, The Sovereign Rule of South Carolina","Adams, F. Colburn (Francis Colburn), 1850-1891",1850,1891,PS,"Biographical fiction; Pereira, Manuel -- Fiction; African Americans -- Fiction; South Carolina -- Fiction",Category: Historical Novels; Category: Novels; Category: American Literature,517781,87759
4677,"Our World; Or, the Slaveholder's Daughter","Adams, F. Colburn (Francis Colburn), 1850-1891",1850,1891,PS,Slaveholders -- Fiction; African Americans -- Fiction,Slavery; Category: Novels; Category: American Literature,1348070,228486
4959,The Life and Adventures of Maj. Roger Sherman Potter,"Adams, F. Colburn (Francis Colburn), 1850-1891",1850,1891,PS,Political fiction,Category: Humour; Category: Novels; Category: American Literature,927254,157161
18549,"The Von Toodleburgs; Or, The History of a Very Distinguished Family","Adams, F. Colburn (Francis Colburn), 1850-1891",1850,1891,PS,Treasure troves -- Fiction; New York (State) -- Social life and customs -- Fiction; Families -- Fiction,Category: Novels; Category: American Literature,480930,81513
14633,The Transgressors. Story of a Great Sin. A Political Novel of the Twentieth Century,"Adams, Francis A. (Francis Alexandre), 1874-1975",1874,1975,PS,Political fiction,Category: Novels; Category: American Literature; Category: Politics,445202,75457
15247,John Henry Smith: A humorous romance of outdoor life,"Adams, Frederick Upham, 1859-1921",1859,1921,PS,Humorous stories; Outdoor life -- Fiction,Category: Romance; Category: Humour; Category: Novels; Category: American Literature; Category: Sports/Hobbies,415980,70505
2815,"Democracy, an American novel","Adams, Henry, 1838-1918",1838,1918,PS,Widows -- Fiction; Political fiction; Washington (D.C.) -- Fiction; Legislators -- Fiction; Socialites -- Fiction,Category: Novels; Category: American Literature,429615,72816
14409,Esther,"Adams, Henry, 1838-1918",1838,1918,PS,Bildungsromans; Clergy -- Fiction; Man-woman relationships -- Fiction; Women painters -- Fiction,Category: Novels; Category: American Literature,335821,56918
16114,The Knight of the Golden Melice: A Historical Romance,"Adams, John Turvill, 1805-1882",1805,1882,PS,"Gardiner, Christopher, Sir, approximately 1596-approximately 1662 -- Fiction; Massachusetts -- History -- Colonial period, ca. 1600-1775 -- Fiction",Category: Historical Novels; Category: Romance; Category: American Literature,820175,139012
15328,The lost hunter: A tale of early times,"Adams, John Turvill, 1805-1882",1805,1882,PS,Indians of North America -- Fiction; New England -- Fiction; Adventure stories,Category: Historical Novels; Category: Novels; Category: American Literature,833193,141219
14615,The Sable Cloud: A Southern Tale With Northern Comments (1861),"Adams, Nehemiah, 1806-1878",1806,1878,PS,African Americans -- Fiction; Southern States -- Fiction; Enslaved persons -- Fiction,Category: History - American,490307,83102
6864,Average Jones,"Adams, Samuel Hopkins, 1871-1958",1871,1958,PS,Fiction; Detective and mystery stories,"Category: Crime, Thrillers and Mystery; Category: Novels; Category: American Literature",448609,76035
55400,Common Cause: A Novel of the War in America,"Adams, Samuel Hopkins, 1871-1958",1871,1958,PS,"World War, 1914-1918 -- United States -- Fiction",Category: Historical Novels; Category: Novels; Category: American Literature,715486,121268
61582,Flaming Youth,"Adams, Samuel Hopkins, 1871-1958",1871,1958,PS,Rich people -- Fiction; Women -- Fiction; Upper class -- Fiction; New York (N.Y.) -- Social life and customs -- 20th century -- Fiction,Category: Novels; Category: American Literature,520369,88198
10944,From a Bench in Our Square,"Adams, Samuel Hopkins, 1871-1958",1871,1958,PS,United States -- Social life and customs -- 20th century -- Fiction,Category: Novels; Category: American Literature,351247,59533
15431,Success: A Novel,"Adams, Samuel Hopkins, 1871-1958",1871,1958,PS,Journalists -- Fiction,Category: Novels; Category: American Literature,1049029,177801
16447,The Clarion,"Adams, Samuel Hopkins, 1871-1958",1871,1958,PS,Man-woman relationships -- Fiction; Newspapers -- Fiction; Slums -- Fiction; Reporters and reporting -- Fiction,Category: Novels; Category: American Literature,720161,122061
36335,The Secret of Lonesome Cove,"Adams, Samuel Hopkins, 1871-1958",1871,1958,PS,Detective and mystery stories; New England -- Fiction,"Category: Crime, Thrillers and Mystery; Category: Novels; Category: American Literature",358027,60682
71138,Pioneers of space,"Adamski, George, 1891-1965",1891,1965,PS,Science fiction; Interplanetary voyages -- Fiction,Category: Science-Fiction & Fantasy; Category: Adventure,429207,72746
67878,Gods of Modern Grub Street: Impressions of Contemporary Authors,"Adcock, Arthur St. John, 1864-1930",1864,1930,PR,English literature -- 20th century -- History and criticism; English fiction -- 20th century -- History and criticism,"Category: Essays, Letters & Speeches; Category: British Literature",363668,61638
36648,Home Influence: A Tale for Mothers and Daughters,"Aguilar, Grace, 1816-1847",1816,1847,PR,Domestic fiction; Mothers and daughters -- Fiction,Category: Novels; Category: British Literature; Category: Parenthood & Family Relations,1019759,172840
18387,The Days of Bruce: A Story from Scottish History. Vol. 1,"Aguilar, Grace, 1816-1847",1816,1847,PR,"Robert I, King of Scots, 1274-1329 -- Fiction; Scotland -- History -- Robert I, 1306-1329 -- Fiction",Historical Fiction; Category: Historical Novels; Category: British Literature,865517,146697
12725,"The Vale of Cedars; Or, The Martyr","Aguilar, Grace, 1816-1847",1816,1847,PR,"Historical fiction; Inquisition -- Fiction; Spain -- History -- Ferdinand and Isabella, 1479-1516 -- Fiction",Category: Historical Novels; Category: Romance; Category: British Literature,585766,99282
33867,King of Camargue,"Aicard, Jean, 1848-1921",1848,1921,PQ,French fiction -- Translations into English,Category: Novels; Category: French Literature,470846,79804
58940,"The Wolf Demon; or, The Queen of the Kanawha","Aiken, Albert W., 1846-1894",1846,1894,PS,"Revenge -- Fiction; Murder -- Fiction; Dime novels; Indian captivities -- Fiction; Shawnee Indians -- Fiction; Frontier and pioneer life -- Ohio -- Fiction; Hunters -- Fiction; Boone, Daniel, 1734-1820 -- Fiction; Demonology -- Fiction",Category: Science-Fiction & Fantasy; Category: Romance; Category: Adventure; Category: Novels; Category: American Literature,495790,84032
73739,The river,"Aiken, Ednah, 1872-1960",1872,1960,PS,Western stories; California -- Fiction; Colorado River (Colo.-Mexico) -- Fiction; Imperial Valley (Calif. and Mexico) -- Fiction; Irrigation -- California -- Fiction; Water rights -- California -- Fiction; Water-supply -- California -- Fiction,Category: Novels; Category: American Literature,679164,115112
44514,Last of the Incas: A Romance of the Pampas,"Aimard, Gustave, 1818-1883",1818,1883,PQ,Mapuche Indians -- Fiction; Indians of South America -- Fiction,Category: Historical Novels; Category: Adventure,364559,61789
44399,Stoneheart: A Romance,"Aimard, Gustave, 1818-1883",1818,1883,PQ,Apache Indians -- Fiction; Frontier and pioneer life -- Mexico -- Fiction,Category: Adventure; Category: Novels,386544,65515
44672,"Stronghand; or, The Noble Revenge","Aimard, Gustave, 1818-1883",1818,1883,PQ,Disinheritance -- Fiction,Category: Adventure; Category: Novels,706797,119796
43716,The Adventurers,"Aimard, Gustave, 1818-1883",1818,1883,PQ,Fiction; Adventure stories,Category: Adventure; Category: Novels,583869,98960
44375,The Bee Hunters: A Tale of Adventure,"Aimard, Gustave, 1818-1883",1818,1883,PQ,Western stories; Adventure stories; French fiction -- Translations into English,Category: Adventure; Category: Novels,462771,78435
40219,The Border Rifles: A Tale of the Texan War,"Aimard, Gustave, 1818-1883",1818,1883,PQ,Western stories; Texas -- History -- To 1846 -- Fiction,Category: Historical Novels; Category: Adventure; Category: American Literature,500509,84832
44380,The Buccaneer Chief: A Romance of the Spanish Main,"Aimard, Gustave, 1818-1883",1818,1883,PQ,Buccaneers -- Fiction,Category: Historical Novels; Category: Romance; Category: Adventure; Category: French Literature,628075,106453
45403,The Flying Horseman,"Aimard, Gustave, 1818-1883",1818,1883,PQ,Fiction,Category: Historical Novels; Category: Adventure,365604,61966
40602,The Freebooters: A Story of the Texan War,"Aimard, Gustave, 1818-1883",1818,1883,PQ,"Texas -- History -- Revolution, 1835-1836 -- Fiction; Western stories",Category: Historical Novels; Category: Adventure,616164,104434
42532,The Gold-Seekers: A Tale of California,"Aimard, Gustave, 1818-1883",1818,1883,PQ,Western stories; Gold mines and mining -- Fiction; California -- Fiction,Category: Historical Novels; Category: Adventure; Category: Novels,450541,76362
45401,The Guide of the Desert,"Aimard, Gustave, 1818-1883",1818,1883,PQ,Fiction; Western stories,Category: Adventure; Category: Novels; Category: French Literature,394893,66931
42742,The Indian Chief: The Story of a Revolution,"Aimard, Gustave, 1818-1883",1818,1883,PQ,Jesuits -- Fiction; Adventure stories; Pioneers -- Fiction; Indians -- Warfare -- Fiction; Missions -- Mexico -- Fiction,Category: Historical Novels; Category: Adventure; Category: Novels,475816,80646
44196,The Indian Scout: A Story of the Aztec City,"Aimard, Gustave, 1818-1883",1818,1883,PQ,Aztecs -- Fiction,Category: Historical Novels; Category: Adventure,735222,124613
45402,The Insurgent Chief,"Aimard, Gustave, 1818-1883",1818,1883,PQ,Fiction,Category: Historical Novels; Category: Adventure,518862,87942
43838,The Pearl of the Andes: A Tale of Love and Adventure,"Aimard, Gustave, 1818-1883",1818,1883,PQ,Love stories; Adventure stories; Andes Region -- Fiction,Category: Romance; Category: Adventure; Category: Novels,360579,61115
42117,The Pirates of the Prairies: Adventures in the American Desert,"Aimard, Gustave, 1818-1883",1818,1883,PQ,Fiction; Western stories,Category: Historical Novels; Category: Adventure,525398,89050
43925,The Prairie Flower: A Tale of the Indian Border,"Aimard, Gustave, 1818-1883",1818,1883,PQ,Fiction; Western stories,Category: Historical Novels; Category: Adventure; Category: Novels,585233,99192
44448,The Queen of the Savannah: A Story of the Mexican War,"Aimard, Gustave, 1818-1883",1818,1883,PQ,"Mexico -- History -- Wars of Independence, 1810-1821 -- Fiction",Category: Historical Novels; Category: Adventure,752322,127512
44421,The Rebel Chief: A Tale of Guerilla Life,"Aimard, Gustave, 1818-1883",1818,1883,PQ,Fiction,Category: Historical Novels; Category: Adventure,703043,119159
45047,The Red River Half-Breed: A Tale of the Wild North-West,"Aimard, Gustave, 1818-1883",1818,1883,PQ,Fiction; Western stories,Category: Adventure; Category: Novels,446728,75716
42834,The Red Track: A Story of Social Life in Mexico,"Aimard, Gustave, 1818-1883",1818,1883,PQ,Western stories; Mexico -- Fiction,Category: Adventure; Category: Novels,505550,85686
44454,The Smuggler Chief: A Novel,"Aimard, Gustave, 1818-1883",1818,1883,PQ,Fiction; Adventure stories; Smugglers -- Fiction,Category: Adventure; Category: Novels,607563,102976
42535,The Tiger-Slayer: A Tale of the Indian Desert,"Aimard, Gustave, 1818-1883",1818,1883,PQ,Indians of North America -- Fiction; Adventure stories; Frontier and pioneer life -- Fiction; Mexico -- Fiction,Category: Adventure; Category: Novels,570283,96658
42115,The Trail-Hunter: A Tale of the Far West,"Aimard, Gustave, 1818-1883",1818,1883,PQ,Fiction; Western stories,Category: Adventure; Category: Novels,620706,105204
42119,The Trapper's Daughter: A Story of the Rocky Mountains,"Aimard, Gustave, 1818-1883",1818,1883,PQ,Western stories; Mountain life -- Fiction; Rocky Mountains -- Fiction,Category: Adventure; Category: Novels,612956,103890
43473,"The Trappers of Arkansas; or, The Loyal Heart","Aimard, Gustave, 1818-1883",1818,1883,PQ,Western stories; Frontier and pioneer life -- West (U.S.) -- Fiction; Arkansas -- Fiction; Trappers -- Fiction,Category: Historical Novels; Category: Adventure; Category: American Literature,541131,91717
46276,The Treasure of Pearls: A Romance of Adventures in California,"Aimard, Gustave, 1818-1883",1818,1883,PQ,Western stories; California -- Fiction,Category: Historical Novels; Category: Romance; Category: Adventure,458920,77783
41172,The White Scalper: A Story of the Texan War,"Aimard, Gustave, 1818-1883",1818,1883,PQ,"Texas -- History -- Revolution, 1835-1836 -- Fiction; Western stories",Category: Historical Novels; Category: Adventure,581755,98602
39401,The frontiersmen,"Aimard, Gustave, 1818-1883",1818,1883,PQ,Frontier and pioneer life -- New York (State) -- Fiction; Indians of North America -- New York (State) -- Fiction; Iroquois Indians -- Fiction,Category: Historical Novels; Category: Adventure; Category: Novels,440123,74597
36481,"Auriol; or, The Elixir of Life","Ainsworth, William Harrison, 1805-1882",1805,1882,PR,Detective and mystery stories; Horror tales; Gothic fiction; Paranormal fiction,Category: Historical Novels; Category: Science-Fiction & Fantasy; Category: Novels; Category: British Literature,347911,58967
47348,"Boscobel; or, the royal oak: A tale of the year 1651","Ainsworth, William Harrison, 1805-1882",1805,1882,PR,"Great Britain -- History -- Commonwealth and Protectorate, 1649-1660 -- Fiction",Category: Historical Novels; Category: British Literature,959519,162630
54484,"Cardinal Pole; Or, The Days of Philip and Mary: An Historical Romance","Ainsworth, William Harrison, 1805-1882",1805,1882,PR,"Great Britain -- History -- Mary I, 1553-1558 -- Fiction; Pole, Reginald, 1500-1558 -- Fiction",Category: Historical Novels; Category: British Literature,830864,140824
49680,"Chetwynd Calverley | New Edition, 1877","Ainsworth, William Harrison, 1805-1882",1805,1882,PR,Fiction,Category: Novels,588517,99748
37750,"Guy Fawkes; or, The Gunpowder Treason: An Historical Romance","Ainsworth, William Harrison, 1805-1882",1805,1882,PR,"Gunpowder Plot, 1605 -- Fiction; Great Britain -- History -- James I, 1603-1625 -- Fiction; Fawkes, Guy, 1570-1606 -- Fiction",Category: Historical Novels; Category: Romance; Category: British Literature,988769,167587
16215,Jack Sheppard: A Romance,"Ainsworth, William Harrison, 1805-1882",1805,1882,PR,"England -- Fiction; Sheppard, Jack, 1702-1724 -- Fiction; Thieves -- Fiction","Category: Historical Novels; Category: Crime, Thrillers and Mystery; Category: Novels; Category: British Literature",934546,158397
11082,Old Saint Paul's: A Tale of the Plague and the Fire,"Ainsworth, William Harrison, 1805-1882",1805,1882,PR,"Historical fiction; Great Fire, London, England, 1666 -- Fiction; Plague -- Fiction; London (England) -- History -- 17th century -- Fiction; Fires -- Fiction; St. Paul's Cathedral (London, England) -- Fiction",Historical Fiction; Category: Historical Novels; Category: Novels; Category: British Literature,1168532,198056
49851,"Preston Fight; or, The Insurrection of 1715","Ainsworth, William Harrison, 1805-1882",1805,1882,PR,"Jacobite Rebellion, 1715 -- Fiction",Category: Historical Novels; Category: Novels; Category: British Literature,590129,100021
23564,Rookwood,"Ainsworth, William Harrison, 1805-1882",1805,1882,PR,"Turpin, Richard, 1706-1739 -- Fiction",Category: Historical Novels; Category: Novels; Category: British Literature,951452,161263
49681,The Constable De Bourbon,"Ainsworth, William Harrison, 1805-1882",1805,1882,PR,"Bourbon, Charles, duc de, 1490-1527 -- Fiction",Category: Historical Novels; Category: British Literature,735003,124576
15493,The Lancashire Witches: A Romance of Pendle Forest,"Ainsworth, William Harrison, 1805-1882",1805,1882,PR,Witches -- Fiction; Lancashire (England) -- Fiction,Historical Fiction; Category: Historical Novels; Category: Novels; Category: British Literature,1382491,234320
46398,The Manchester Rebels of the Fatal '45,"Ainsworth, William Harrison, 1805-1882",1805,1882,PR,"Jacobite Rebellion, 1745-1746 -- Fiction; Great Britain -- History -- George II, 1727-1760 -- Fiction",Category: Historical Novels; Category: Novels; Category: British Literature,669309,113442
49850,"The Tower of London: A Historical Romance, Illustrated","Ainsworth, William Harrison, 1805-1882",1805,1882,PR,"London (England) -- Fiction; Grey, Jane, Lady, 1537-1554 -- Fiction; Tower of London (London, England) -- Fiction",Category: Historical Novels; Category: Novels; Category: British Literature,1152551,195347
2866,Windsor Castle,"Ainsworth, William Harrison, 1805-1882",1805,1882,PR,"Historical fiction; Biographical fiction; Anne Boleyn, Queen, consort of Henry VIII, King of England, 1507-1536 -- Fiction; Great Britain -- History -- Tudors, 1485-1603 -- Fiction; Great Britain -- History -- Henry VIII, 1509-1547 -- Fiction; Windsor Castle -- Fiction; Queens -- Great Britain -- Fiction","Historical Fiction; Category: Historical Novels; Category: Mythology, Legends & Folklore; Category: British Literature",707907,119984
39066,The White Blackbird,"Aitken, Robert, 1872-1929",1872,1929,PS,Fiction,Category: Adventure; Category: Novels,601429,101937
49915,By far Euphrates,"Alcock, Deborah, 1835-1913",1835,1913,PR,Armenia -- Fiction; British -- Armenia -- Fiction,Category: Historical Novels; Category: Adventure; Category: British Literature,482972,81859
49782,The Czar,"Alcock, Deborah, 1835-1913",1835,1913,PR,"Historical fiction; Russia -- History -- Alexander I, 1801-1825 -- Fiction",Category: Historical Novels; Category: Novels,833357,141246
77324,The dark year of Dundee,"Alcock, Deborah, 1835-1913",1835,1913,PR,Historical fiction; Reformation -- Scotland -- Fiction,,426848,72347
77308,Under the Southern Cross,"Alcock, Deborah, 1835-1913",1835,1913,PR,Peru -- History -- 1548-1820 -- Fiction,,647222,109698
54212,"A Modern Mephistopheles, and A Whisper in the Dark","Alcott, Louisa May, 1832-1888",1832,1888,PS,American fiction -- 19th century; Psychological fiction; Man-woman relationships -- Fiction; Manipulative behavior -- Fiction; Control (Psychology) -- Fiction,Category: Novels; Category: American Literature,439600,74508
3499,Jo's Boys,"Alcott, Louisa May, 1832-1888",1832,1888,PZ; PS,Boarding schools -- Fiction; Schools -- Fiction; Family life -- New England -- Fiction; New England -- Fiction,Children's Literature; School Stories; Category: Children & Young Adult Reading; Category: Novels; Category: American Literature,572550,97042
2788,Little Men: Life at Plumfield With Jo's Boys,"Alcott, Louisa May, 1832-1888",1832,1888,PZ; PS,Boarding schools -- Fiction; Schools -- Fiction; Family life -- New England -- Fiction; New England -- History -- 19th century -- Fiction,Children's Literature; School Stories; Category: Children & Young Adult Reading; Category: Novels; Category: American Literature,599622,101630
514,Little Women,"Alcott, Louisa May, 1832-1888",1832,1888,PS,Autobiographical fiction; Young women -- Fiction; Sisters -- Fiction; Domestic fiction; Family life -- New England -- Fiction; New England -- Fiction; Bildungsromans; Mothers and daughters -- Fiction; March family (Fictitious characters) -- Fiction,Children's Literature; Category: Novels; Category: Classics of Literature; Category: American Literature,1071405,181594
28203,Moods,"Alcott, Louisa May, 1832-1888",1832,1888,PS,Young women -- Fiction,Category: Romance; Category: Novels; Category: American Literature,504899,85576
2804,"Rose in Bloom | A Sequel to ""Eight Cousins""","Alcott, Louisa May, 1832-1888",1832,1888,PS,Orphans -- Fiction; Family life -- Fiction; Cousins -- Fiction,Children's Literature; Category: Novels; Category: American Literature,543463,92112
4770,Work: A Story of Experience,"Alcott, Louisa May, 1832-1888",1832,1888,PS,Young women -- Fiction; Bildungsromans; Feminist fiction; Women -- Employment -- Fiction,Category: Novels; Category: American Literature,693783,117590
78043,Bushy,"Alden, Cynthia May Westover, 1862-1931",1862,1931,PS,Historical fiction; Fathers and daughters -- Fiction; Girls -- Fiction; Miners -- Fiction; Frontier and pioneer life -- Rocky Mountains -- Fiction,,417573,70775
76571,Death of a hero,"Aldington, Richard, 1892-1962",1892,1962,PR,"World War, 1914-1918 -- Fiction; War stories",Category: Historical Novels; Category: Novels; Category: British Literature,772434,130921
5705,"The Queen of Sheba, and My Cousin the Colonel","Aldrich, Thomas Bailey, 1836-1907",1836,1907,PS,Fiction,Category: Adventure; Category: Novels; Category: American Literature,368349,62432
5435,The Stillwater Tragedy,"Aldrich, Thomas Bailey, 1836-1907",1836,1907,PS,Mystery fiction,"Category: Crime, Thrillers and Mystery; Category: Novels; Category: American Literature",390401,66169
60059,"The Lunarian Professor and His Remarkable Revelations Concerning the Earth, the Moon and Mars | Together with An Account of the Cruise of the Sally Ann","Alexander, James B. (James Bradun), 1831-1914",1831,1914,PS,Utopias -- Fiction; Human-alien encounters -- Fiction; Life on other planets -- Fiction,Category: Science-Fiction & Fantasy; Category: Humour; Category: Novels,485639,82311
18418,A Crooked Path: A Novel,"Alexander, Mrs., 1825-1902",1825,1902,PR,Inheritance and succession -- Fiction; England -- Social life and customs -- Fiction,Category: Novels; Category: British Literature,943745,159956
49714,At Bay,"Alexander, Mrs., 1825-1902",1825,1902,PR,Fiction,Category: Romance; Category: Novels,408595,69253
41740,Ralph Wilton's weird,"Alexander, Mrs., 1825-1902",1825,1902,PR,Inheritance and succession -- Fiction; Mate selection -- Fiction; Courtship -- Fiction; Social classes -- England -- Fiction,Category: Romance; Category: Novels; Category: British Literature,351730,59615
293,Paul Prescott's Charge,"Alger, Horatio, Jr., 1832-1899",1832,1899,PZ; PS,Orphans -- Fiction; Runaway teenagers -- Fiction; Conduct of life -- Fiction; New York (N.Y.) -- History -- 19th century -- Fiction,Children's Fiction; Category: Children & Young Adult Reading; Category: Adventure; Category: Novels; Category: American Literature,366315,62087
5673,"The Young Musician; Or, Fighting His Way","Alger, Horatio, Jr., 1832-1899",1832,1899,PZ; PS,Conduct of life -- Fiction; Adventure and adventurers -- Fiction; Musicians -- Fiction; East (U.S.) -- History -- 19th century -- Fiction,Children's Fiction; Category: Children & Young Adult Reading; Category: Novels; Category: American Literature,327812,55561
67823,The Lone Trail,"Allan, Luke, 1877-1962",1877,1962,PS,"Cattle stealing -- Fiction; Newspaper editors -- Fiction; North West Mounted Police (Canada) -- Fiction; Canada, Western -- Fiction","Category: Crime, Thrillers and Mystery; Category: Adventure; Category: Novels",383681,65030
25230,The Return of Blue Pete,"Allan, Luke, 1877-1962",1877,1962,PS,Indians of North America -- Fiction; Canada -- Fiction; Royal Canadian Mounted Police -- Fiction,"Category: Crime, Thrillers and Mystery; Category: Adventure; Category: Novels",373621,63325
79286,Despised and rejected,"Allatini, R., 1890-1980",1890,1980,PR,Lesbians -- Fiction,,553729,93852
4903,"Hilda Wade, a Woman with Tenacity of Purpose","Allen, Grant, 1848-1899",1848,1899,PR,Detective and mystery stories; London (England) -- Fiction; Nurses -- Fiction,Category: Novels,531579,90098
48296,Linnet: A Romance,"Allen, Grant, 1848-1899",1848,1899,PR,London (England) -- Fiction; Alps -- Fiction; Tyrol (Austria) -- Fiction,Category: Romance; Category: Novels; Category: British Literature,859497,145677
30970,Miss Cayley's Adventures,"Allen, Grant, 1848-1899",1848,1899,PR,Young women -- Fiction; Adventure stories; Travel -- Fiction; Man-woman relationships -- Fiction; Mystery fiction,Category: Humour; Category: Adventure; Category: Novels; Category: British Literature,507036,85938
6060,Philistia,"Allen, Grant, 1848-1899",1848,1899,PR,Fiction,Category: Novels; Category: British Literature,847385,143624
13876,The Great Taboo,"Allen, Grant, 1848-1899",1848,1899,PR,Polynesia -- Fiction,"Category: Adventure; Category: Novels; Category: Mythology, Legends & Folklore",449468,76181
2316,The Choir Invisible,"Allen, James Lane, 1849-1925",1849,1925,PS,Kentucky -- Fiction,"Bestsellers, American, 1895-1923; Category: Historical Novels; Category: Novels; Category: American Literature",405965,68807
42923,The Doctor's Christmas Eve,"Allen, James Lane, 1849-1925",1849,1925,PS,Christmas stories; Physicians -- Fiction; Kentucky -- Fiction,Christmas; Category: Novels; Category: American Literature,392339,66498
12482,The Mettle of the Pasture,"Allen, James Lane, 1849-1925",1849,1925,PS,Kentucky -- Fiction,"Bestsellers, American, 1895-1923; Category: Novels; Category: American Literature",462118,78325
3791,The Reign of Law; a tale of the Kentucky hemp fields,"Allen, James Lane, 1849-1925",1849,1925,PS,Kentucky -- Fiction; Hemp farmers -- Fiction; Hemp industry -- Fiction,"Bestsellers, American, 1895-1923; Category: Novels; Category: American Literature",388014,65765
45413,The North Pacific: A Story of the Russo-Japanese War,"Allen, Willis Boyd, 1855-1938",1855,1938,PS,"Russo-Japanese War, 1904-1905 -- Fiction",Category: Historical Novels; Category: Adventure; Category: Novels; Category: History - Modern (1750+); Category: History - Warfare,434427,73631
57358,"Hawk's Nest; or, The Last of the Cahoonshees. | A Tale of the Delaware Valley and Historical Romance of 1690.","Allerton, James M. (James Martin), 1822-1910",1822,1910,PS,Historical fiction; Delaware River Valley (N.Y.-Del. and N.J.) -- Fiction,Category: Historical Novels; Category: Romance; Category: American Literature,428994,72710
64223,Jewel sowers: a novel,"Allonby, Edith, 1875-1905",1875,1905,PR,Fantasy fiction; Conduct of life -- Fiction; Parables,Category: Science-Fiction & Fantasy; Category: Novels,550628,93326
76409,Marigold,"Allonby, Edith, 1875-1905",1875,1905,PR,Fantasy fiction,Category: Science-Fiction & Fantasy; Category: Novels; Category: British Literature,389864,66078
75316,The fulfilment,"Allonby, Edith, 1875-1905",1875,1905,PR,Fantasy fiction; Heaven -- Fiction; Hell -- Fiction; Unfinished books,Category: Novels; Category: British Literature,611676,103673
21321,Before the Dawn: A Story of the Fall of Richmond,"Altsheler, Joseph A. (Joseph Alexander), 1862-1919",1862,1919,PS,"United States -- History -- Civil War, 1861-1865 -- Fiction; Richmond (Va.) -- History -- Civil War, 1861-1865 -- Fiction",US Civil War; Category: Historical Novels; Category: Novels; Category: American Literature,713090,120862
41050,In Hostile Red,"Altsheler, Joseph A. (Joseph Alexander), 1862-1919",1862,1919,PS,"Monmouth, Battle of, Freehold, N.J., 1778 -- Fiction",Category: Historical Novels; Category: Adventure; Category: American Literature,482751,81822
25132,The Candidate: A Political Romance,"Altsheler, Joseph A. (Joseph Alexander), 1862-1919",1862,1919,PS,Political fiction; Political campaigns -- Fiction,Category: Romance; Category: Novels; Category: American Literature,712878,120826
15760,The Forest of Swords: A Story of Paris and the Marne,"Altsheler, Joseph A. (Joseph Alexander), 1862-1919",1862,1919,PZ; PS,"World War, 1914-1918 -- Fiction",Children's Fiction; Category: Historical Novels; Category: Adventure,483213,81900
28115,The Great Sioux Trail: A Story of Mountain and Plain,"Altsheler, Joseph A. (Joseph Alexander), 1862-1919",1862,1919,PZ; PS,Dakota Indians -- Fiction; West (U.S.) -- Fiction,Category: Historical Novels; Category: Adventure; Category: American Literature,525946,89143
33481,The Guns of Europe,"Altsheler, Joseph A. (Joseph Alexander), 1862-1919",1862,1919,PZ; PS,"World War, 1914-1918 -- Fiction",Category: Historical Novels; Category: Adventure,476498,80762
15285,The Hosts of the Air,"Altsheler, Joseph A. (Joseph Alexander), 1862-1919",1862,1919,PZ; PS,"World War, 1914-1918 -- Fiction",Children's Fiction; Category: Historical Novels; Category: Adventure; Category: Novels,488402,82780
14890,The Hunters of the Hills,"Altsheler, Joseph A. (Joseph Alexander), 1862-1919",1862,1919,PZ; PS,"United States -- History -- French and Indian War, 1754-1763 -- Fiction",Children's Fiction; Category: Historical Novels; Category: Adventure; Category: Novels; Category: American Literature,554111,93917
40480,The Quest of the Four: A Story of the Comanches and Buena Vista,"Altsheler, Joseph A. (Joseph Alexander), 1862-1919",1862,1919,PS,Western stories; Comanche Indians -- Fiction,Category: Historical Novels; Category: Adventure; Category: American Literature,732094,124083
14891,The Rulers of the Lakes: A Story of George and Champlain,"Altsheler, Joseph A. (Joseph Alexander), 1862-1919",1862,1919,PZ; PS,"United States -- History -- French and Indian War, 1754-1763 -- Fiction",Children's Fiction; Category: Historical Novels; Category: Adventure; Category: American Literature,523767,88774
1078,The Scouts of the Valley,"Altsheler, Joseph A. (Joseph Alexander), 1862-1919",1862,1919,PS,Historical fiction; Wyoming Valley (Pa.) -- Fiction; Chemung River Valley (N.Y. and Pa.) -- Fiction,Children's Fiction; Category: Historical Novels; Category: Adventure; Category: American Literature,629981,106776
66327,The Sun of Saratoga: A Romance of Burgoyne's Surrender,"Altsheler, Joseph A. (Joseph Alexander), 1862-1919",1862,1919,PS,"Saratoga Springs (N.Y.) -- Fiction; Burgoyne's Invasion, 1777 -- Fiction",Category: Historical Novels; Category: Romance; Category: American Literature,348219,59020
15767,The Texan Scouts: A Story of the Alamo and Goliad,"Altsheler, Joseph A. (Joseph Alexander), 1862-1919",1862,1919,PZ; PS,"Texas -- History -- Revolution, 1835-1836 -- Fiction; War stories; Sieges -- Fiction; Alamo (San Antonio, Tex.) -- Siege, 1836 -- Fiction; Goliad Massacre, Goliad, Tex., 1836 -- Fiction",Children's Fiction; Category: Historical Novels; Category: Adventure; Category: American Literature,601167,101892
15852,The Texan Star: The Story of a Great Fight for Liberty,"Altsheler, Joseph A. (Joseph Alexander), 1862-1919",1862,1919,PZ; PS,Texas -- Fiction,Children's Fiction; Category: Historical Novels; Category: Adventure; Category: American Literature,635492,107710
27355,Shoe-Bar Stratton,"Ames, Joseph Bushnell, 1878-1928",1878,1928,PS,Western stories; Ranching -- West (U.S.) -- Fiction,Category: Adventure; Category: Novels; Category: American Literature,458915,77782
29323,An Old Sailor's Yarns,"Ames, N. (Nathaniel), 1796-1835",1796,1835,PS,Fiction; Sea stories,Category: Short Stories; Category: Romance; Category: Adventure; Category: American Literature,522888,88625
31496,Ditte: Girl Alive!,"Andersen Nexø, Martin, 1869-1954",1869,1954,PT,Denmark -- Fiction; Danish fiction -- Translations into English,Category: Novels,456221,77325
7795,Pelle the Conqueror — Complete,"Andersen Nexø, Martin, 1869-1954",1869,1954,PT,Fathers and sons -- Fiction; Immigrants -- Denmark -- Fiction,Category: Historical Novels; Category: Novels,2432080,412216
7513,"O. T., A Danish Romance","Andersen, H. C. (Hans Christian), 1805-1875",1805,1875,PT,Denmark -- Fiction,Category: Novels,566841,96074
26491,The Sand-Hills of Jutland,"Andersen, H. C. (Hans Christian), 1805-1875",1805,1875,PT,Denmark -- Social life and customs -- Fiction,Category: Novels,431203,73085
48644,The Heart of the Red Firs: A Story of the Pacific Northwest,"Anderson, Ada Woodruff, 1860-1956",1860,1956,PS,"Northwest, Pacific -- Fiction",Category: Romance; Category: Adventure; Category: Novels; Category: American Literature,548752,93008
13343,The Rim of the Desert,"Anderson, Ada Woodruff, 1860-1956",1860,1956,PS,Authors -- Fiction; Washington (State) -- Fiction,Category: Novels; Category: American Literature,725298,122931
17249,"Added Upon | A Story","Anderson, Nephi, 1865-1923",1865,1923,BX; PS,Latter Day Saints -- Fiction,Latter Day Saints; Category: Science-Fiction & Fantasy; Category: Novels; Category: American Literature; Category: Religion/Spirituality,328009,55594
13756,"Story of Chester Lawrence | Being the Completed Account of One who Played an Important Part in ""Piney Ridge Cottage""","Anderson, Nephi, 1865-1923",1865,1923,PS,Christian fiction; Latter Day Saints -- Fiction,Latter Day Saints; Category: Novels; Category: American Literature,337057,57128
76745,Many Marriages,"Anderson, Sherwood, 1876-1941",1876,1941,PS,Man-woman relationships -- Fiction; Marriage -- Fiction; Businessmen -- Fiction; Wisconsin -- Fiction,Category: Novels; Category: American Literature,389946,66092
7045,Marching Men,"Anderson, Sherwood, 1876-1941",1876,1941,PS,City and town life -- Fiction; Chicago (Ill.) -- Fiction; Labor leaders -- Fiction; Coal mines and mining -- Pennsylvania -- Fiction,Category: Novels; Category: American Literature,407075,68995
7414,Poor White: A Novel,"Anderson, Sherwood, 1876-1941",1876,1941,PS,Historical fiction; Inventors -- Fiction; Middle West -- Fiction; Industrial revolution -- Fiction,Category: Novels; Category: American Literature,605566,102638
7443,Windy McPherson's Son,"Anderson, Sherwood, 1876-1941",1876,1941,PS,Fathers and sons -- Fiction; Bildungsromans; Young men -- Fiction,Category: Novels; Category: American Literature,627489,106354
15796,Joy in the Morning,"Andrews, Mary Raymond Shipman, 1860-1936",1860,1936,PS,"World War, 1914-1918 -- Fiction",Category: Novels; Category: American Literature; Category: History - Modern (1750+); Category: History - Warfare,345865,58621
58930,It Happened in Japan,"Anethan, Albert d', Baroness, 1860-1935",1860,1935,PR,Japan -- Fiction; Europeans -- Japan -- Fiction,Category: Novels,439694,74524
3676,The Firefly of France,"Angellotti, Marion Polk, 1887-1975",1887,1975,PS,"World War, 1914-1918 -- Fiction; War stories; France -- History -- 1914-1940 -- Fiction","Category: Romance; Category: Crime, Thrillers and Mystery; Category: Adventure; Category: Novels",372936,63209
28459,In Brief Authority,"Anstey, F., 1856-1934",1856,1934,PR,Fiction,Humor; Category: Humour; Category: Novels; Category: British Literature,677960,114908
30689,The Brass Bottle,"Anstey, F., 1856-1934",1856,1934,PR,Fantasy fiction; Jinn -- Fiction,Humor; Category: Science-Fiction & Fantasy; Category: Romance; Category: Novels; Category: British Literature,423856,71840
27507,The Giant's Robe,"Anstey, F., 1856-1934",1856,1934,PR,Fiction,Category: Novels; Category: British Literature,899938,152531
24197,The Tinted Venus: A Farcical Romance,"Anstey, F., 1856-1934",1856,1934,PR,Fantasy fiction; Humorous stories,Humor; Category: Romance; Category: Humour; Category: Novels; Category: British Literature,356337,60396
26853,"Vice Versa; or, A Lesson to Fathers","Anstey, F., 1856-1934",1856,1934,PR,Humorous stories; Fathers and sons -- Fiction,Humor; Category: Humour; Category: Novels; Category: British Literature,559476,94826
42519,Blackthorn Farm,"Applin, Arthur, 1873-1949",1873,1949,PR,Fiction,Category: Novels; Category: British Literature,451575,76538
73774,"""Piracy""","Arlen, Michael, 1895-1956",1895,1956,PR,Rich people -- Fiction; Man-woman relationships -- Fiction; Novelists -- Fiction; London (England) -- Social life and customs -- 20th century -- Fiction,Category: Novels; Category: British Literature,615902,104390
72651,May Fair,"Arlen, Michael, 1895-1956",1895,1956,PR,"London (England) -- Fiction; Great Britain -- History -- George V, 1910-1936 -- Fiction",Category: Romance; Category: Novels; Category: British Literature,562099,95271
46217,The Romantic Lady,"Arlen, Michael, 1895-1956",1895,1956,PR,Fiction,Category: Romance; Category: Novels; Category: British Literature,366628,62140
71913,The green hat,"Arlen, Michael, 1895-1956",1895,1956,PR,Love stories; Great Britain -- Social conditions -- 20th century -- Fiction; Europe -- Social conditions -- 20th century -- Fiction,Category: Novels; Category: British Literature,541126,91716
72477,These charming people,"Arlen, Michael, 1895-1956",1895,1956,PR,London (England) -- Social life and customs -- 20th century -- Fiction,Category: Romance; Category: Novels; Category: British Literature,366541,62125
18145,Lady Rosamond's Secret: A Romance of Fredericton,"Armour, Rebecca Agatha, 1845-1891",1845,1891,PS,Fredericton (N.B.) -- Fiction; New Brunswick -- Social life and customs -- 19th century -- Fiction,Category: Historical Novels; Category: Romance; Category: Novels,357393,60575
6945,"Marguerite Verne; Or, Scenes from Canadian Life","Armour, Rebecca Agatha, 1845-1891",1845,1891,PS,Young women -- Fiction; New Brunswick -- Social life and customs -- 19th century -- Fiction,Category: Novels,649272,110046
72170,The sailor hero,"Armstrong, F. C. (Francis Claudius), 1802-1872",1802,1872,PR,"Great Britain. Royal Navy -- Fiction; First Coalition, War of the, 1792-1797 -- Fiction",Category: Historical Novels; Category: Adventure; Category: British Literature,864759,146569
604,Gulliver of Mars,"Arnold, Edwin Lester, 1857-1935",1857,1935,PR,Science fiction; Martians -- Fiction; Mars (Planet) -- Fiction,Science Fiction; Fantasy; Category: Science-Fiction & Fantasy; Category: Adventure; Category: Novels,414170,70198
67345,The Wonderful Adventures of Phra the Phoenician,"Arnold, Edwin Lester, 1857-1935",1857,1935,PR,Fantasy fiction; Phoenicians -- Fiction,Category: Historical Novels; Category: Romance; Category: Adventure,865492,146693
4590,After the Storm,"Arthur, T. S. (Timothy Shay), 1809-1885",1809,1885,PS,American fiction -- 19th century,Category: Romance; Category: Novels; Category: American Literature,393052,66618
4592,Cast Adrift,"Arthur, T. S. (Timothy Shay), 1809-1885",1809,1885,PS,Temperance -- Fiction,Category: Novels; Category: American Literature,527199,89355
4586,"Danger; Or, Wounded in the House of a Friend","Arthur, T. S. (Timothy Shay), 1809-1885",1809,1885,PS,Temperance -- Fiction,,462481,78386
4625,"Lizzy Glenn; Or, The Trials of a Seamstress","Arthur, T. S. (Timothy Shay), 1809-1885",1809,1885,PS,Women dressmakers -- Fiction,Category: Novels; Category: American Literature,329545,55855
4744,Ten Nights in a Bar Room,"Arthur, T. S. (Timothy Shay), 1809-1885",1809,1885,PS,Christian fiction; Temperance -- Fiction,Category: Novels; Category: American Literature; Category: Drugs/Alcohol/Pharmacology,326376,55317
4588,"The Allen House; Or, Twenty Years Ago and Now","Arthur, T. S. (Timothy Shay), 1809-1885",1809,1885,PS,American fiction -- 19th century; Conduct of life -- Fiction,"Category: Crime, Thrillers and Mystery; Category: Novels; Category: American Literature",444640,75362
67996,The Angel and the Demon: A Tale,"Arthur, T. S. (Timothy Shay), 1809-1885",1809,1885,PS,Fantasy fiction; Spiritualism -- Fiction,Category: Novels; Category: American Literature,389050,65940
4632,The Good Time Coming,"Arthur, T. S. (Timothy Shay), 1809-1885",1809,1885,PS,Fiction,Category: Novels; Category: American Literature,467803,79288
4631,"The Hand but Not the Heart; Or, The Life-Trials of Jessie Loring","Arthur, T. S. (Timothy Shay), 1809-1885",1809,1885,PS,Man-woman relationships -- Fiction; Women -- Conduct of life -- Fiction; Married women -- Conduct of life -- Fiction; Marriage -- Religious aspects -- Fiction,Category: Romance; Category: Novels; Category: American Literature,347610,58916
4630,The Home Mission,"Arthur, T. S. (Timothy Shay), 1809-1885",1809,1885,PS,Didactic fiction; Family life -- Fiction; Marriage -- Fiction,Category: Novels; Category: American Literature; Category: Parenthood & Family Relations,324604,55017
4627,The Lights and Shadows of Real Life,"Arthur, T. S. (Timothy Shay), 1809-1885",1809,1885,PS,Conduct of life -- Fiction; Temperance -- Fiction,Category: Short Stories; Category: American Literature; Category: Drugs/Alcohol/Pharmacology,1003889,170150
4622,Trials and Confessions of a Housekeeper,"Arthur, T. S. (Timothy Shay), 1809-1885",1809,1885,PS,Housekeeping -- Fiction; Housewives -- Fiction; Home economics -- Fiction,Category: Novels; Category: American Literature; Category: Parenthood & Family Relations,405452,68720
4619,"Words of Cheer for the Tempted, the Toiling, and the Sorrowing","Arthur, T. S. (Timothy Shay), 1809-1885",1809,1885,PS,Christian life; Conduct of life; Christian life -- Fiction; Conduct of life -- Fiction,"Category: Essays, Letters & Speeches",472524,80088
4620,The Wedding Guest: A Friend of the Bride and Bridegroom,"Arthur, T. S. (Timothy Shay), 1809-1885 [Editor]",1809,1885,PS,Didactic fiction; Marriage -- Fiction,Category: Novels,474605,80441
9051,Sanine,"Artsybashev, M. (Mikhail), 1878-1927",1878,1927,PG,Men -- Russia -- Fiction; Russia -- Social life and customs -- 20th century -- Fiction,Category: Novels; Category: Russian Literature,595745,100973
68678,The sporting chance,"Askew, Alice, 1874-1917",1874,1917,PR,England -- Fiction; Horse racing -- Fiction,Category: Adventure; Category: Novels; Category: British Literature,435780,73861
1607,A Journey in Other Worlds: A Romance of the Future,"Astor, John Jacob, 1864-1912",1864,1912,PS,Science fiction; Utopias -- Fiction; Space ships -- Fiction; Manned space flight -- Fiction; Jupiter (Planet) -- Fiction; Saturn (Planet) -- Fiction,Science Fiction; Category: Science-Fiction & Fantasy; Category: Adventure; Category: Novels; Category: American Literature,555875,94216
31858,Ancestors: A Novel,"Atherton, Gertrude Franklin Horn, 1857-1948",1857,1948,PS,England -- Fiction; Love stories; Political fiction; British -- United States -- Fiction; California -- Fiction,Category: Novels; Category: British Literature,1154829,195733
25542,Black Oxen,"Atherton, Gertrude Franklin Horn, 1857-1948",1857,1948,PS,American fiction -- 20th century,"Bestsellers, American, 1895-1923; Category: Romance; Category: Novels; Category: American Literature",711249,120550
57922,Julia France and Her Times: A Novel,"Atherton, Gertrude Franklin Horn, 1857-1948",1857,1948,PS,Married women -- Fiction; Suffragists -- Fiction,Category: Historical Novels; Category: Novels,1001276,169707
39443,Mrs. Balfame: A Novel,"Atherton, Gertrude Franklin Horn, 1857-1948",1857,1948,PS,Murder -- Fiction; United States -- Social life and customs -- 20th century -- Fiction; Mystery fiction,"Category: Crime, Thrillers and Mystery; Category: Novels; Category: American Literature",526877,89301
53009,Patience Sparhawk and Her Times: A Novel,"Atherton, Gertrude Franklin Horn, 1857-1948",1857,1948,PS,American fiction -- 19th century,Category: Novels; Category: American Literature,786731,133344
69429,Perch of the Devil,"Atherton, Gertrude Franklin Horn, 1857-1948",1857,1948,PS,Social classes -- Fiction; Spouses -- Fiction; Butte (Mont.) -- Fiction,Category: Novels; Category: American Literature,772508,130933
491,Rezanov,"Atherton, Gertrude Franklin Horn, 1857-1948",1857,1948,PS,"Rezanov, Nikolai Petrovich, 1764-1807 -- Fiction; California -- History -- Fiction",Category: Historical Novels; Category: Romance; Category: American Literature,397459,67365
69460,Rulers of kings: A novel,"Atherton, Gertrude Franklin Horn, 1857-1948",1857,1948,PS,Statesmen -- Fiction,Category: Novels; Category: American Literature,768250,130211
6091,Senator North,"Atherton, Gertrude Franklin Horn, 1857-1948",1857,1948,PS,Political fiction; Washington (D.C.) -- Fiction; Legislators -- Fiction,Category: Novels; Category: American Literature,589642,99939
21903,The Californians,"Atherton, Gertrude Franklin Horn, 1857-1948",1857,1948,PS,Western stories; Upper class -- Fiction; California -- Fiction; San Francisco (Calif.) -- Fiction,Category: Novels; Category: American Literature,518031,87801
13246,The Conqueror: Being the True and Romantic Story of Alexander Hamilton,"Atherton, Gertrude Franklin Horn, 1857-1948",1857,1948,PS,"Hamilton, Alexander, 1757-1804 -- Fiction",Category: Historical Novels; Category: Biographies; Category: American Literature,1176164,199349
65310,The Crystal Cup,"Atherton, Gertrude Franklin Horn, 1857-1948",1857,1948,PS,Young women -- Fiction; United States -- Social life and customs -- 20th century -- Fiction,Category: Novels; Category: American Literature; Category: Gender & Sexuality Studies,509876,86419
8535,The Sisters-In-Law: A Novel of Our Time,"Atherton, Gertrude Franklin Horn, 1857-1948",1857,1948,PS,France -- Fiction; San Francisco (Calif.) -- Fiction,"Bestsellers, American, 1895-1923; Category: Novels; Category: American Literature",664983,112708
56340,Tower of Ivory: A Novel,"Atherton, Gertrude Franklin Horn, 1857-1948",1857,1948,PS,London (England) -- Fiction; Triangles (Interpersonal relations) -- Fiction; Man-woman relationships -- Fiction; Munich (Germany) -- Fiction,Category: Novels,947190,160540
72997,Transplanted,"Atherton, Gertrude Franklin Horn, 1857-1948",1857,1948,PS,Americans -- England -- Fiction; Man-woman relationships -- Fiction; British -- United States -- Fiction; Spouses -- Fiction; Aristocracy (Social class) -- England -- Fiction,Category: Historical Novels; Category: Novels; Category: American Literature,489352,82941
2693,Greyfriars Bobby,"Atkinson, Eleanor, 1863-1942",1863,1942,PS,Dogs -- Fiction; Scotland -- Fiction,Category: Historical Novels; Category: Children & Young Adult Reading; Category: Novels; Category: British Literature,377768,64028
53154,Cameron of Lochiel,"Aubert de Gaspé, Philippe, 1786-1871",1786,1871,PQ,Canada -- Fiction,Category: Historical Novels; Category: Romance; Category: French Literature,525732,89107
44534,A Trip to Mars,"Aubrey, Frank, 1847-1927",1847,1927,PR,Science fiction; Mars (Planet) -- Fiction,Category: Science-Fiction & Fantasy; Category: Adventure,455357,77179
43944,The Devil-Tree of El Dorado: A Novel,"Aubrey, Frank, 1847-1927",1847,1927,PR,Science fiction; Fantasy fiction; South America -- Fiction,Category: Adventure; Category: Novels,688649,116720
33007,Edelweiss: A Story,"Auerbach, Berthold, 1812-1882",1812,1882,PT,German fiction -- Translations into English,Category: Novels; Category: German Literature,587817,99630
33008,Landolin,"Auerbach, Berthold, 1812-1882",1812,1882,PT,German fiction -- Translations into English,Category: Novels; Category: German Literature,365960,62027
33294,On the Heights: A Novel,"Auerbach, Berthold, 1812-1882",1812,1882,PT,Guilt -- Fiction; Forgiveness -- Fiction; Love -- Fiction,Category: Historical Novels; Category: Novels; Category: German Literature,1666653,282483
32902,Villa Eden: The Country-House on the Rhine,"Auerbach, Berthold, 1812-1882",1812,1882,PT,"United States -- History -- Civil War, 1861-1865 -- Fiction; German fiction -- Translations into English; Rhine River Valley -- Fiction",Category: Romance; Category: Novels; Category: German Literature,2603419,441257
32446,Waldfried: A Novel,"Auerbach, Berthold, 1812-1882",1812,1882,PT,German fiction -- Translations into English,Category: Historical Novels; Category: Novels; Category: German Literature,826914,140154
158,Emma,"Austen, Jane, 1775-1817",1775,1817,PR,Humorous stories; England -- Fiction; Young women -- Fiction; Love stories; Fathers and daughters -- Fiction; Bildungsromans; Mate selection -- Fiction; Female friendship -- Fiction,Category: Novels; Category: British Literature,933709,158255
121,Northanger Abbey,"Austen, Jane, 1775-1817",1775,1817,PR,England -- Social life and customs -- 19th century -- Fiction; Satire; England -- Fiction; Young women -- Fiction; Love stories; Gothic fiction; Horror tales -- Appreciation -- Fiction; Books and reading -- Fiction; Gentry -- England -- Fiction; Marriage -- Economic aspects -- Fiction,Gothic Fiction; Category: Novels; Category: Classics of Literature; Category: British Literature,468035,79327
105,Persuasion,"Austen, Jane, 1775-1817",1775,1817,PR,England -- Social life and customs -- 19th century -- Fiction; Psychological fiction; Young women -- Fiction; Motherless families -- Fiction; Rejection (Psychology) -- Fiction; First loves -- Fiction; Dysfunctional families -- Fiction; Ship captains -- Fiction; Love stories; Regency fiction,Category: Novels; Category: British Literature,497555,84331
1342,Pride and Prejudice,"Austen, Jane, 1775-1817",1775,1817,PR,England -- Fiction; Young women -- Fiction; Love stories; Sisters -- Fiction; Domestic fiction; Courtship -- Fiction; Social classes -- Fiction,Best Books Ever Listings; Harvard Classics; Category: Romance; Category: Novels; Category: Classics of Literature; Category: British Literature,772386,130912
161,Sense and Sensibility,"Austen, Jane, 1775-1817",1775,1817,PR,England -- Social life and customs -- 19th century -- Fiction; Inheritance and succession -- Fiction; England -- Fiction; Young women -- Fiction; Love stories; Sisters -- Fiction; Domestic fiction; Mate selection -- Fiction; Social classes -- Fiction; Gentry -- England -- Fiction; Regency fiction,Category: Romance; Category: Novels; Category: Classics of Literature; Category: British Literature,712842,120820
35077,Girl Alone,"Austin, Anne, 1895-1975",1895,1975,PS,Fiction,Category: Novels; Category: American Literature,540458,91603
19403,Murder at Bridge,"Austin, Anne, 1895-1975",1895,1975,PS,Fiction; Detective and mystery stories,"Category: Crime, Thrillers and Mystery; Category: Novels",532130,90191
67608,Betty Alden: The first-born daughter of the Pilgrims,"Austin, Jane G. (Jane Goodwin), 1831-1894",1831,1894,PS,"United States -- History -- Colonial period, ca. 1600-1775 -- Fiction",Category: Historical Novels; Category: American Literature,645277,109368
4676,Outpost,"Austin, Jane G. (Jane Goodwin), 1831-1894",1831,1894,PS,Fiction,Category: Novels; Category: American Literature,470369,79723
22052,Standish of Standish: A Story of the Pilgrims,"Austin, Jane G. (Jane Goodwin), 1831-1894",1831,1894,PS,"Massachusetts -- History -- New Plymouth, 1620-1691 -- Fiction",Category: Historical Novels; Category: Romance; Category: Novels; Category: American Literature,684953,116093
38592,A Woman of Genius,"Austin, Mary, 1868-1934",1868,1934,PS,Women -- United States -- Fiction,Category: Novels; Category: American Literature,695578,117894
61530,Outland,"Austin, Mary, 1868-1934",1868,1934,PS,Fantasy fiction; California -- Fiction,Category: Novels; Category: American Literature,350810,59459
9913,The Trail Book,"Austin, Mary, 1868-1934",1868,1934,PS,"Indians of North America -- Fiction; Western stories; American Museum of Natural History -- Fiction; Nature stories, American","Category: Children & Young Adult Reading; Category: Adventure; Category: Mythology, Legends & Folklore",419992,71185
42085,A Bachelor Husband,"Ayres, Ruby M. (Ruby Mildred), 1883-1955",1883,1955,PR,Inheritance and succession -- Fiction; Love stories; Triangles (Interpersonal relations) -- Fiction; Marriage -- Fiction; England -- Social life and customs -- 20th century -- Fiction,Category: Romance; Category: Novels; Category: British Literature,561492,95168
30286,The Phantom Lover,"Ayres, Ruby M. (Ruby Mildred), 1883-1955",1883,1955,PR,Fiction,Category: Romance; Category: Novels; Category: British Literature,537786,91150
17446,The Second Honeymoon,"Ayres, Ruby M. (Ruby Mildred), 1883-1955",1883,1955,PR,Fiction,Category: Romance; Category: Novels; Category: British Literature,369989,62709
74650,A voyage of discovery,"Aïdé, Hamilton, 1826-1906",1826,1906,PR,Siblings -- Fiction; British -- United States -- Fiction; New York (N.Y.) -- Social life and customs -- 19th century -- Fiction; Transatlantic voyages -- Fiction; Boston (Mass.) -- Social life and customs -- 19th century -- Fiction,,514854,87263
20367,The Coming of the King,"Babcock, Bernie, 1868-1962",1868,1962,PS,Jesus Christ -- Fiction; Christian fiction,Category: Historical Novels,464473,78724
62028,The Soul of Ann Rutledge: Abraham Lincoln's Romance,"Babcock, Bernie, 1868-1962",1868,1962,PS,"Lincoln, Abraham, 1809-1865 -- Fiction; Rutledge, Ann, -1835 -- Fiction",Category: Historical Novels; Category: Romance; Category: American Literature,357065,60519
48009,Under the Law,"Babcock, Edwina Stanton, 1875-1965",1875,1965,PS,Young women -- Fiction; New York (State) -- Social life and customs -- Fiction; Amnesiacs -- Fiction; Trials -- Fiction,Category: Novels; Category: American Literature,530788,89964
17237,A Man for the Ages: A Story of the Builders of Democracy,"Bacheller, Irving, 1859-1950",1859,1950,PS,"Lincoln, Abraham, 1809-1865 -- Fiction","Bestsellers, American, 1895-1923; Category: Historical Novels; Category: Adventure; Category: American Literature",577878,97945
12102,Darrel of the Blessed Isles,"Bacheller, Irving, 1859-1950",1859,1950,PS,Fiction,Category: Novels; Category: American Literature,410041,69498
2799,Eben Holden: A Tale of the North Country,"Bacheller, Irving, 1859-1950",1859,1950,PS,Historical fiction; Farm life -- Fiction; New York (State) -- Fiction,"Bestsellers, American, 1895-1923; Category: Adventure; Category: Novels; Category: American Literature",492707,83509
15608,In the Days of Poor Richard,"Bacheller, Irving, 1859-1950",1859,1950,PS,"United States -- History -- Revolution, 1775-1783 -- Fiction",Category: Historical Novels; Category: Romance; Category: Adventure; Category: American Literature,577019,97799
50091,"Silas Strong, Emperor of the Woods","Bacheller, Irving, 1859-1950",1859,1950,PS,Adirondack Mountains (N.Y.) -- Fiction; Logging -- Fiction,Category: Novels; Category: American Literature,379035,64243
50002,The Hand-Made Gentleman: A Tale of the Battles of Peace,"Bacheller, Irving, 1859-1950",1859,1950,PS,United States -- History -- 19th century -- Fiction,Category: Novels; Category: American Literature,383413,64985
14150,The Light in the Clearing: A Tale of the North Country in the Time of Silas Wright,"Bacheller, Irving, 1859-1950",1859,1950,PS,"New York (State) -- Fiction; Wright, Silas, 1795-1847 -- Fiction","Bestsellers, American, 1895-1923; Category: Historical Novels; Category: Novels; Category: American Literature",508657,86213
73270,The waning of a world,"Backus, W. Elwyn (Waldo Elwyn), 1892-1979",1892,1979,PS,Science fiction; Martians -- Fiction; Space ships -- Fiction; Space flight to Mars -- Fiction,Category: Science-Fiction & Fantasy; Category: Novels,372249,63093
34280,"Lightnin' | After the Play of the Same Name by Winchell Smith and Frank Bacon","Bacon, Frank, 1864-1922",1864,1922,PS,Married people -- Fiction; California -- Fiction; Nevada -- Fiction; Hotels -- Fiction,Category: Humour; Category: Novels; Category: American Literature,335872,56927
26277,Margarita's Soul: The Romantic Recollections of a Man of Fifty,"Bacon, Josephine Daskam, 1876-1961",1876,1961,PS,Fiction,Category: Romance; Category: Novels; Category: American Literature,569567,96536
19869,While Caroline Was Growing,"Bacon, Josephine Daskam, 1876-1961",1876,1961,PS,Girls -- Fiction,Category: Children & Young Adult Reading; Category: Novels; Category: American Literature,364507,61780
26984,Across the Mesa,"Bagg, Helen, 1879-1959",1879,1959,PS,Americans -- Mexico -- Fiction; Young women -- Fiction; Love stories; Adventure stories,Category: Adventure; Category: Novels; Category: American Literature,454675,77063
9978,The Happy Foreigner,"Bagnold, Enid, 1889-1981",1889,1981,PR,"World War, 1914-1918 -- Fiction",Category: Novels; Category: British Literature,375823,63698
46693,The Passport,"Bagot, Richard, 1860-1921",1860,1921,PR,Italy -- Fiction,Category: Novels,808456,137026
59653,Call Mr. Fortune,"Bailey, H. C. (Henry Christopher), 1878-1961",1878,1961,PR,Detective and mystery stories; Forensic scientists -- Fiction,"Category: Crime, Thrillers and Mystery; Category: Novels; Category: British Literature",342130,57988
60096,Mr. Fortune's Practice,"Bailey, H. C. (Henry Christopher), 1878-1961",1878,1961,PR,Detective and mystery stories; Forensic scientists -- Fiction,"Category: Crime, Thrillers and Mystery; Category: Novels; Category: British Literature",341732,57920
9749,The Highwayman,"Bailey, H. C. (Henry Christopher), 1878-1961",1878,1961,PR,Fathers and sons -- Fiction; Great Britain -- History -- 18th century -- Fiction; Conspiracies -- Fiction; Social classes -- Fiction; Man-woman relationships -- Fiction; Miscommunication -- Fiction,Category: Romance; Category: Adventure; Category: Novels; Category: British Literature,453615,76883
17938,Contrary Mary,"Bailey, Temple, 1869-1953",1869,1953,PS,Fiction,Category: Romance; Category: Novels; Category: American Literature,499356,84636
22292,Glory of Youth,"Bailey, Temple, 1869-1953",1869,1953,PS,Man-woman relationships -- Fiction; Families -- Fiction; Youth -- Fiction,Category: Novels; Category: American Literature,374347,63448
23246,Mistress Anne,"Bailey, Temple, 1869-1953",1869,1953,PS,Fiction,Category: Novels,479050,81194
60090,The Dim Lantern,"Bailey, Temple, 1869-1953",1869,1953,PS,"Love stories; Mate selection -- Fiction; Siblings -- Fiction; Suburban life -- Fiction; World War, 1914-1918 -- Veterans -- Fiction; Neighbors -- Fiction; Washington (D.C.) Region -- Fiction",Category: Novels; Category: American Literature,448045,75939
18056,The Tin Soldier,"Bailey, Temple, 1869-1953",1869,1953,PS,"World War, 1914-1918 -- Fiction","Bestsellers, American, 1895-1923; Category: Novels; Category: American Literature",553114,93748
17697,The Trumpeter Swan,"Bailey, Temple, 1869-1953",1869,1953,PS,Man-woman relationships -- Fiction,Category: Novels; Category: American Literature,466531,79073
79318,Virginia's wild oats,"Baily, F. E. (Francis Evans), 1887-1962",1887,1962,PR,Young women -- Fiction; Man-woman relationships -- Fiction; England -- Social life and customs -- 20th century -- Fiction,,360582,61115
28454,Heart of the Blue Ridge,"Baily, Waldron, 1871-1953",1871,1953,PS,Mountain life -- Fiction; Blue Ridge Mountains -- Fiction,Category: Romance; Category: Novels; Category: American Literature,374402,63457
