titolo,wiki_tot,grok_tot,rapporto,wiki_camel,wiki_frasi1k,wiki_lentok,wiki_voc_altro,grok_camel,grok_frasi1k,grok_lentok,grok_voc_altro,grok_in_wiki,catture,catture_2025,v01_char,sim_v01_attuale,delta_char,dateModified,scritto_da_grok,usabile
Industrial Revolution,109584,85642,0.7815191998831946,0.0002456801244779297,7.7625,5.260912292195561,0.7717631643600033,0.0003839877123932034,4.0875,6.238648363252376,0.764519535374868,8.827683615819209e-05,105,25,84156,0.8833207420465038,1486,2026-03-08 05:24:38+00:00,True,True
Protestantism,109219,138566,1.2686986696453915,8.430992327796982e-05,6.4,5.548604670769749,0.8554084815782818,0.0,3.9875,6.274417713025975,0.7849132560145692,0.0003874467260751647,94,25,140108,0.9378437550061408,-1542,2026-01-16 01:18:00+00:00,True,True
Slavery,103574,76738,0.7409002259254253,7.988496564946476e-05,6.925,5.11199872184055,0.7918996644831443,0.0,4.183064453074096,6.026696222050886,0.769082498072475,0.0002867520550563946,96,27,78704,0.9232030609456136,-1966,2026-03-14 02:34:27+00:00,True,False
Sigmund Freud,101984,102279,1.002892610605585,0.0,6.425,5.310426734376279,0.7996559914816939,9.59600806064677e-05,4.1,6.391517128874388,0.7530947125995586,0.0008167508167508167,87,24,102804,0.9262195557460181,-525,2026-03-27 07:07:07+00:00,True,True
Christianity,98977,219965,2.2223849985350133,0.0,6.1375,5.4093620546810275,0.9068765534382767,0.00025908973141031176,4.75,5.558079281457812,0.7001468175144658,0.0001374523212260747,91,25,139519,0.4727429965716404,80446,2026-04-21 18:49:24+00:00,True,True
Judaism,98286,230907,2.349337647274281,0.00039469529523208084,6.6375,5.080596779286391,0.875749921060941,0.0004363763309478094,4.5875,5.671932274393437,0.7343340897189736,6.40717603716162e-05,91,24,157274,0.5420960930809438,73633,2026-04-03 03:41:28+00:00,True,True
Roman Empire,98077,114331,1.1657269288416245,0.0,7.55,5.328621619413351,0.7902606422093308,0.0,4.225,5.994578202536299,0.7422348832935122,0.0001921598770176787,99,34,113927,0.9208464433339503,404,2026-04-05 18:57:07+00:00,True,True
Cold War,97947,152151,1.5534013292903306,0.00016456841932033242,6.4125,5.328889986011684,0.8579774541265531,0.0005518256231030994,5.3875,5.970201416352433,0.786719396670652,0.0009155744024672321,100,26,153703,0.9438437878646658,-1552,2026-01-18 01:05:45+00:00,True,True
Moscow,96849,89793,0.9271443174426168,0.0004895960832313342,7.475,5.148184414524684,0.7946960424316606,0.0003773940937824323,4.575,6.04575903387112,0.7293140862345504,0.00024927295388450354,97,25,91139,0.9175265915224639,-1346,2026-03-06 00:11:10+00:00,True,True
Nelson Mandela,95994,99657,1.038158634914682,0.00024547909336388184,6.025,5.295884133867932,0.8104901399230832,9.259259259259259e-05,4.25,6.055,0.7825925925925926,0.0010320678215997052,90,28,100905,0.9224849982350865,-1248,2026-02-23 06:08:49+00:00,True,True
Ancient Rome,95251,184760,1.9397171683236922,0.0,7.7,5.1431070122436,0.8576880267133089,9.310986964618249e-05,4.35,6.074208566108007,0.7167597765363128,0.0006346436079489112,92,28,187575,0.9379463092374078,-2815,2026-01-14 01:30:11+00:00,True,True
Ottoman Empire,94338,91627,0.9712629057219784,0.0002449779519843214,6.625,5.230034296913278,0.7947084762371387,0.0,4.05,6.281113016962074,0.6938250428816467,0.00024551927326295114,95,25,93222,0.9175965665236051,-1595,2026-01-31 21:00:15+00:00,True,True
American Civil War,93970,141457,1.5053421304671704,0.0020221629054436624,8.15,5.197605759119955,0.8722801908921782,0.0010330578512396695,4.9625,6.029113448534936,0.7942336589030804,0.000848671298997507,102,26,138817,0.8846250946730624,2640,2026-03-26 22:42:07+00:00,True,True
United Kingdom,93835,78535,0.8369478339638727,0.0004088641753209584,7.0875,5.171804726469866,0.8142938915692207,0.0006694080520225686,5.8445279174890175,5.877211437314718,0.7162666156641484,0.04629977460555973,134,26,109648,0.032675987044401625,-31113,2026-04-03 12:06:03+00:00,True,False
Joseph Stalin,93581,95617,1.021756553146472,0.0,7.1625,5.34114238410596,0.8173841059602649,0.0,4.0875,6.077872300645041,0.7629241843507526,0.0006988662835844075,96,31,90142,0.8470666765556627,5475,2026-03-27 20:52:44+00:00,True,True
Italy,92909,108597,1.1688533941814032,8.385744234800838e-05,7.375,5.322180293501048,0.8037735849056604,0.0006704980842911877,4.0875,6.194540229885058,0.6967432950191571,0.00020895730305774186,178,32,109814,0.9363886465812252,-1217,2026-04-24 18:06:57+00:00,True,True
New York City,92628,88302,0.9532970592045602,0.0008948909860071591,6.8,5.111617312072893,0.8239505369345916,0.000924898261191269,5.4625,5.888457269700333,0.7308546059933407,0.0009140767824497258,109,25,108404,0.19556848701880036,-20102,2026-04-23 03:54:08+00:00,True,True
Middle Ages,92205,94427,1.024098476221463,7.984031936127745e-05,8.1875,5.114331337325349,0.8126946107784431,0.0,4.4375,6.195435092724679,0.6746552543984784,0.0,93,24,95410,0.9390008493552622,-983,2026-02-11 03:24:41+00:00,True,True
Russia,92132,140853,1.52881734902097,8.357709987463435e-05,7.0125,5.356122022565817,0.8546594233180108,9.347541596560104e-05,5.3,5.8956814357823895,0.731725556178725,0.000106332075070445,111,26,175365,0.051378164280180924,-34512,2026-04-23 09:57:20+00:00,True,True
Winston Churchill,91453,151043,1.6515915278886422,0.0005583027596107832,8.0,5.113096187589727,0.8633753389695327,0.0002734232592052497,4.0375,5.928271965001823,0.7406124681006198,0.0016806722689075631,89,27,151071,0.9185380279086961,-28,2026-04-07 12:02:00+00:00,True,True
Buddhism,90794,155687,1.7147278454523427,0.0,6.675,5.311250713877784,0.8564085828506159,8.973438621679828e-05,4.8375,5.936557788944723,0.7701005025125628,0.0004046580639359741,85,24,93450,0.0002448513208368474,62237,2026-04-22 23:51:14+00:00,True,True
France,90490,185629,2.0513758426345454,8.348639171814995e-05,7.0375,5.322340958423777,0.8674236099515779,0.0002818754110683078,4.3625,5.996335619656112,0.7002724795640327,0.00028147492862600024,143,29,188964,0.8916975705744342,-3335,2026-04-06 01:08:49+00:00,True,True
United States,90424,155339,1.7178956914093604,0.000501336898395722,8.825,5.330631684491979,0.8584558823529411,0.000281716593107334,6.1,5.976241900647948,0.6863555263405015,0.0005766735547119035,159,30,187915,0.14640932447675148,-32576,2026-04-21 01:55:19+00:00,True,True
Socialism,90101,97706,1.0844052785207712,8.517887563884156e-05,5.625,5.643611584327087,0.7914821124361159,0.0,3.875,6.449031500684797,0.7385051848953238,0.0006302686520129206,96,25,100218,0.9245579862151633,-2512,2026-01-17 02:46:22+00:00,True,True
Wikipedia,89240,81820,0.9168534289556253,0.002780117944397641,6.4375,5.441364785172705,0.7993260320134794,0.005351681957186544,5.8625,6.282587920489297,0.746368501529052,0.0,132,45,99395,0.012024301746688042,-17575,2026-04-18 22:41:39+00:00,True,True
Moon,87439,61539,0.7037935017555096,0.00015653126712060735,7.1,4.964545667997182,0.7992486499178211,0.0013164193393968406,6.841190139586279,5.8244375299186215,0.738750598372427,0.0,90,25,93474,0.014830710538865045,-31935,2026-03-28 01:00:18+00:00,True,False
Alexander the Great,87309,104099,1.1923054896975112,0.0,6.825,5.140516149461685,0.8041481950601647,0.0,4.15,5.918124436429215,0.7233543733092876,0.0006919936336585703,85,24,100058,0.8600869107189887,4041,2026-03-28 00:18:06+00:00,True,True
Paris,86663,118432,1.3665808938070456,0.00016431153466973383,7.05,5.134324679592507,0.7962536970095301,9.446438692612885e-05,4.2,6.103249574910259,0.6728698280748158,0.00037504688086010754,164,34,120001,0.9237354085603113,-1569,2026-02-28 14:33:35+00:00,True,True
Beijing,86371,100409,1.1625314052170288,0.00016519368960105725,6.6625,5.1699843065994875,0.8025935409267366,0.00018962738219398882,4.325,6.178344552953447,0.6851237318668816,0.00014922032380810266,100,25,102736,0.926775411354085,-2327,2026-03-02 07:40:28+00:00,True,True
Isaac Newton,85781,88828,1.035520686399086,0.0,6.45,5.172275641025641,0.795352564102564,0.0,4.25,6.100712105798576,0.7380005548876353,0.006050058014254931,92,28,86830,0.8560280920795942,1998,2026-04-08 01:26:14+00:00,True,True
Albert Einstein,85583,63582,0.7429279179276258,0.00015933715742511153,7.0625,5.141411727214787,0.8029796048438496,0.0005562972852692479,7.926771727847504,5.697151757899421,0.762572318647085,0.005409582689335394,93,28,74725,0.046049046321525886,-11143,2026-04-23 03:07:32+00:00,True,False
Napoleon,85533,245378,2.8688108683198297,0.00032229473853839335,8.1125,5.152848279751833,0.9729272419627749,0.0001792435920415845,4.45,5.802115074386091,0.8114357411722531,0.027191927488193365,92,24,163257,0.42799121283335034,82121,2026-03-28 00:22:37+00:00,True,True
Brazil,85195,173572,2.03734960971888,8.396305625524769e-05,6.65,5.329890848026868,0.8492023509655752,0.0,3.8625,6.185086297320492,0.6840850576904739,0.00030177616830488014,175,46,172551,0.9085302760647325,1021,2026-04-20 06:49:04+00:00,True,True
Artificial intelligence,84851,103136,1.2154953978149934,0.004259939859672569,7.0625,5.434263280988974,0.7934346809221516,0.006149341142020498,5.7125,6.4505612493899465,0.7099072718399219,0.0,127,27,134421,0.151762619170793,-31285,2026-04-14 19:05:22+00:00,True,True
Olympic Games,84208,98883,1.1742708531255939,8.033419023136246e-05,6.7625,5.129820051413882,0.8349132390745502,9.336196433572963e-05,4.3,6.059284847353188,0.7318644384277845,7.497938067031566e-05,90,24,98070,0.9042660155127836,813,2026-03-27 17:25:28+00:00,True,True
World War II,84180,177124,2.104110239961986,0.0,6.45,5.313879996716737,0.9065090700155956,9.393199323689649e-05,6.05,5.966748074394139,0.7403719706932181,4.123881397171017e-05,160,26,203031,0.16152610260007694,-25907,2026-03-23 14:32:46+00:00,True,True
World War I,83704,185144,2.2118895154353435,0.0,6.9125,5.290797749089705,0.8713174445547832,0.0,4.2375,6.042772723009098,0.7735672075790263,0.0016108247422680412,107,25,192113,0.7867959241437872,-6969,2026-03-14 06:56:23+00:00,True,True
Hinduism,83589,128041,1.531792460730479,0.0002439421044072207,6.75,5.27972027972028,0.8166368515205724,0.0,4.45,6.165257422021797,0.6770950770387073,0.0,91,27,127933,0.8394203206285168,108,2026-04-25 02:04:42+00:00,True,True
Adolf Hitler,83395,94051,1.1277774446909288,0.0,7.425,5.225581017389891,0.8198439785470503,0.0,5.0375,5.944767173812817,0.729460580912863,0.00901178464145421,127,45,149978,0.0017417940478693054,-55927,2026-04-15 17:38:26+00:00,True,True
Rome,82343,111589,1.355172874439843,0.00015756716300323014,6.8,4.972819664381943,0.8135192625856772,9.253261774775608e-05,4.3875,5.977514573887295,0.6769686314425835,0.00013151837969356216,92,26,113632,0.9231298904538341,-2043,2026-03-07 19:51:43+00:00,True,True
