corpus,title,file,N,M,alpha,alpha0,alpha_surr,B_orig,B_surr,B_fgn,gap_surr,gap_fgn,frac_orig_gt_both,dfa_orig,dfa_fgn,evr1
wiki,adolfhitler,Adolf_Hitler.txt,19581,6931,0.7143290155779757,0.7003125000000001,0.7140192296466282,1.3196850684732582,0.9469445879739954,0.9387541639819578,0.3727404804992628,0.3809309044913004,1.0,0.7426125867629738,0.4920475887648684,0.06783566904815735
wiki,alberteinstein,Albert_Einstein.txt,9834,2831,0.6973445306065605,0.7003125000000001,0.6989426940482717,1.4966526068413026,0.9420566973346057,0.9584595769118472,0.5545959095066969,0.5381930299294554,0.9,0.7032583772924089,0.4923491998174449,0.08780348243989297
wiki,alexanderthegreat,Alexander_the_Great.txt,13420,3942,0.816932307572531,0.8043750000000001,0.8126277321786045,1.233209230359985,0.946485785285995,0.9625757318502879,0.28672344507399006,0.2706334985096972,0.9,0.7050653097405881,0.49468311609822424,0.08413863695267008
wiki,americancivilwar,American_Civil_War.txt,17775,6467,0.687480896483318,0.6887500000000001,0.6803666595057465,1.3684866049759572,0.9475759549999718,0.9417677064477221,0.4209106499759854,0.4267188985282351,1.0,0.7135400599379406,0.49649645057563074,0.04860655250656291
wiki,ancientrome,Ancient_Rome.txt,24550,9462,0.707222969069104,0.6887500000000001,0.709928407683123,1.3943788623665536,0.9444323758377001,0.9541142840485541,0.4499464865288535,0.4402645783179995,1.0,0.7584403230593599,0.5082528887855726,0.08014412878454771
wiki,artificialintelligence,Artificial_intelligence.txt,16286,6323,0.6769457761391279,0.6887500000000001,0.685845988126992,1.1755744420364977,0.9466086469493004,0.9415269743884858,0.2289657950871974,0.234047467648012,1.0,0.7132500041072488,0.49025227184821274,0.07510852322466219
wiki,beijing,Beijing.txt,12909,4432,0.6759742494684157,0.6656250000000001,0.6804789323783447,1.430388179556848,0.944852892480097,0.9603288649583808,0.4855352870767511,0.4700593145984673,1.0,0.7603653742498901,0.4837136288951707,0.04858656342683173
wiki,brazil,Brazil.txt,21663,8590,0.8690649883877679,0.8275000000000001,0.8709794318024153,1.473107217655064,0.9535076616123502,0.9384442384031837,0.5195995560427137,0.5346629792518802,1.0,0.7824100162757572,0.49407213657721627,0.05364584435445101
wiki,christianity,Christianity.txt,17866,6394,0.7239819250342685,0.7350000000000001,0.7313651885343759,1.2782193450366195,0.9416462578572109,0.9481905549193176,0.3365730871794086,0.3300287901173019,1.0,0.7324104139761576,0.5026082332229855,0.08434009795936726
wiki,coldwar,Cold_War.txt,19657,7575,0.6218061651592682,0.619375,0.6281306031107589,1.2817349339092166,0.9491466118770566,0.9451062317133886,0.33258832203215993,0.33662870219582797,1.0,0.7151222473471626,0.49752124301585327,0.05300873433491794
wiki,france,France.txt,23731,9464,0.8106816697508139,0.7812500000000001,0.8194319612063988,1.4961596266944812,0.943908190324166,0.9526451439733157,0.5522514363703153,0.5435144827211655,1.0,0.7910473172271286,0.5067476648504131,0.04799152001169605
wiki,hinduism,Hinduism.txt,16186,5619,0.7717478432281518,0.7812500000000001,0.7795416437718562,1.3053963664109625,0.9419701984566198,0.9392327302798502,0.3634261679543427,0.36616363613111225,1.0,0.7130230392782255,0.48629919247745435,0.09688010954018644
wiki,industrialrevolution,Industrial_Revolution.txt,10426,3316,0.7053162171146226,0.711875,0.7072989100274604,1.196711132158001,0.9428733847516367,0.9612765948048532,0.25383774740636433,0.2354345373531479,0.9,0.7131132612122765,0.5040029304674994,0.05633189029849147
wiki,isaacnewton,Isaac_Newton.txt,11389,3333,0.7811962101059934,0.7581250000000002,0.7821945516958335,1.302012583395396,0.9426770712813429,0.9748887303542155,0.359335512114053,0.3271238530411804,1.0,0.7288124624335902,0.5040452845261407,0.07486555899043697
wiki,italy,Italy.txt,13792,4556,0.8684807931742674,0.87375,0.8766589420600431,1.4186481026207276,0.9468440410284773,0.9680319245524298,0.4718040615922503,0.4506161780682978,1.0,0.7721822189875225,0.5000393560102087,0.05042025563799606
wiki,josephstalin,Joseph_Stalin.txt,11582,3695,0.7123099817083096,0.6887500000000001,0.715479009571435,1.2657976579485906,0.9399797069379525,0.9251243155577932,0.32581795101063804,0.3406733423907974,1.0,0.7366690507234888,0.49215419576703123,0.06497351488981003
wiki,judaism,Judaism.txt,19982,7401,0.8245555626947947,0.8043750000000001,0.8265468265877465,1.2688014303851936,0.9491010765588141,0.9440388963660314,0.3197003538263794,0.3247625340191621,1.0,0.7360969949340072,0.4979358108913585,0.08391664781590294
wiki,middleages,Middle_Ages.txt,11972,3813,0.7945366070561166,0.7812500000000001,0.7862846803928196,1.339985798288652,0.9492296882805752,0.9363095556515425,0.39075611000807686,0.40367624263710955,1.0,0.7364243699123685,0.5071793064664762,0.0639073030206549
wiki,moon,Moon.txt,12109,3989,0.7832946145027657,0.7812500000000001,0.7761395201424465,1.4629050407675437,0.9447153667203949,0.9453831198447975,0.5181896740471488,0.5175219209227462,1.0,0.7051994576601281,0.5008870074835998,0.08068891024781483
wiki,moscow,Moscow.txt,11601,3540,0.7609287023897195,0.7350000000000001,0.7670769015023676,1.5697515722324729,0.9477010220015979,0.94713704256803,0.622050550230875,0.6226145296644429,1.0,0.8058958765549245,0.5093789106931931,0.04878508950422568
wiki,napoleon,Napoleon.txt,20892,7744,0.6809664253269894,0.6656250000000001,0.6871215992644142,1.4223803460734263,0.9427708707354949,0.9570813113176655,0.4796094753379314,0.46529903475576084,1.0,0.7412830065402437,0.5128522447626511,0.054195964793477235
wiki,nelsonmandela,Nelson_Mandela.txt,13115,4211,0.6756064067089765,0.6656250000000001,0.6818089906527908,1.2826540746630328,0.9430540441592117,0.9639870786792027,0.33960003050382115,0.3186669959838301,1.0,0.7131358875936831,0.48129536260496675,0.05827383510750694
wiki,newyorkcity,New_York_City.txt,13837,4818,0.6918872087978827,0.6887500000000001,0.6984795335185258,1.3176485456917326,0.947883190913393,0.9494311470878763,0.3697653547783396,0.36821739860385627,1.0,0.7416704650869601,0.49398685333191333,0.04953327495702346
wiki,olympicgames,Olympic_Games.txt,12587,3978,0.7169627361841455,0.711875,0.7191901744396022,1.3400727784485977,0.9494625575175585,0.9262268210148255,0.39061022093103925,0.4138459574337723,1.0,0.7044139735074483,0.4981458927575684,0.05288596047943365
wiki,ottomanempire,Ottoman_Empire.txt,11609,3756,0.670379519834762,0.6425000000000001,0.6634613691063143,1.274104000630277,0.94308500652307,0.9378575705043808,0.33101899410720703,0.3362464301258963,1.0,0.7200270482895563,0.4908237867896399,0.06353645365459583
wiki,paris,Paris.txt,15074,5152,0.7959535269326662,0.7812500000000001,0.7942037092720746,1.3548841596985717,0.9492885053686037,0.9363310635613319,0.405595654329968,0.4185530961372398,1.0,0.7589501458388506,0.5015262886057024,0.05486720873789048
wiki,protestantism,Protestantism.txt,17565,6645,0.7302774898601183,0.7465625000000001,0.7294321127453997,1.2480397410088653,0.9423590764313421,0.9561584505183702,0.3056806645775232,0.29188129049049505,1.0,0.6815563475758863,0.48090630203447765,0.08440466664059788
wiki,romanempire,Roman_Empire.txt,15036,4955,0.7032962137792533,0.6887500000000001,0.6952978641720887,1.3417900840994443,0.9470166526603785,0.9570547396121561,0.39477343143906585,0.3847353444872882,1.0,0.7391383595404564,0.5005431903446074,0.07875878472441583
wiki,rome,Rome.txt,14848,4672,0.7556588001592568,0.7350000000000001,0.7545110009613935,1.3782866088708774,0.9481323715973693,0.9484850711433312,0.4301542372735081,0.42980153772754615,1.0,0.7759994609250108,0.5123165485248009,0.061126336275273134
wiki,russia,Russia.txt,22156,8841,0.8936831878480107,0.8506250000000001,0.8945635525453142,1.6040209860634291,0.9496183858915355,0.9468030370102063,0.6544026001718937,0.6572179490532228,1.0,0.7873261049201103,0.5075177797169713,0.048581157126096536
wiki,sigmundfreud,Sigmund_Freud.txt,12975,4330,0.7602803632949781,0.7350000000000001,0.7508279389340081,1.2374069988455285,0.9440234413610582,0.9546940822120943,0.2933835574844703,0.28271291663343423,1.0,0.6866750820190978,0.504631906692678,0.08657068433793257
wiki,slavery,Slavery.txt,10133,3097,0.7002087420263309,0.7003125000000001,0.6987867344475382,1.1886429584886902,0.9506375616786835,0.9620345976044524,0.23800539681000665,0.22660836088423775,1.0,0.6428207513226276,0.5022221864466181,0.06269666716054509
wiki,socialism,Socialism.txt,12332,4322,0.7671791645316602,0.7812500000000001,0.77393613028888,1.2531001391302687,0.9457710514133726,0.9547229283179182,0.30732908771689615,0.2983772108123506,1.0,0.6697208082548004,0.496841493492473,0.07063181282952381
wiki,unitedkingdom,United_Kingdom.txt,13748,4550,0.7783832419092652,0.7812500000000001,0.7880595539268418,1.3323559266268221,0.9478185711989833,0.9407489967989614,0.38453735542783885,0.3916069298278607,1.0,0.7340006228464154,0.493994814879794,0.050965601525313785
wiki,unitedstates,United_States.txt,23437,9639,0.6831642661006155,0.6425000000000001,0.6794808884995384,1.442403190847353,0.9481063198095789,0.9411554890968485,0.494296871037774,0.5012477017505044,1.0,0.7624320038536097,0.4898678386762622,0.04898447000967269
wiki,wikipedia,Wikipedia.txt,12348,4464,0.6711934910723234,0.6887500000000001,0.6777033606912589,1.2405254399025625,0.9427943121682645,0.9659041288531529,0.297731127734298,0.27462131104940957,1.0,0.712186131679675,0.4912326455899823,0.06496713103844778
wiki,winstonchurchill,Winston_Churchill.txt,19992,7327,0.7394862287534648,0.711875,0.7313024454768843,1.3442695318492421,0.9440628523146641,0.9456447055161415,0.400206679534578,0.3986248263331006,1.0,0.7298673677929834,0.4984075891369928,0.046735480930454425
wiki,worldwari,World_War_I.txt,24409,9867,0.738341441936618,0.711875,0.7369916988095179,1.329263026257139,0.9458565141015864,0.953553428959778,0.38340651215555255,0.375709597297361,1.0,0.7256474067663764,0.49153911468436967,0.055309447845080024
wiki,worldwarii,World_War_II.txt,25671,10637,0.7076648936607447,0.6887500000000001,0.7039652425531105,1.2969032484678968,0.9458042653246765,0.9584408311169703,0.3510989831432203,0.3384624173509265,1.0,0.720819039762513,0.5032280383386416,0.0533498918532575
grok,adolfhitler,Adolf_Hitler.txt,12367,3466,0.6742174666662138,0.6887500000000001,0.675969363966567,1.355701044370485,0.9453270437909538,0.9488697266107783,0.41037400057953133,0.4068313177597068,1.0,0.7208986419447758,0.5007678677674914,0.07064780340845835
grok,alberteinstein,Albert_Einstein.txt,8675,2328,0.735448760226731,0.7003125000000001,0.7385578258760757,1.461165013215143,0.9361936098250615,0.9216948891865494,0.5249714033900815,0.5394701240285936,1.0,0.7020675784290814,0.4933461664759755,0.08353917733953918
grok,alexanderthegreat,Alexander_the_Great.txt,14027,4132,0.7842091648530634,0.7581250000000002,0.7774313064454029,1.21865852853171,0.9443759707978867,0.9146391686766606,0.27428255773382326,0.30401935985504935,1.0,0.7019838911909816,0.49996155552859645,0.08473965134001302
grok,americancivilwar,American_Civil_War.txt,18142,6595,0.6984900001313687,0.6887500000000001,0.691904350097089,1.3206179072868736,0.950617674602235,0.9607617981353936,0.37000023268463855,0.3598561091514799,1.0,0.711321201543299,0.5073182370694131,0.04932905609871557
grok,ancientrome,Ancient_Rome.txt,24230,9248,0.6977294740866109,0.6656250000000001,0.6948904642549951,1.401779853829861,0.9494086453946903,0.9317981779527722,0.45237120843517065,0.4699816758770887,1.0,0.7541706441532237,0.5054130414444798,0.08005451898303463
grok,artificialintelligence,Artificial_intelligence.txt,12607,4456,0.6740240221731153,0.6656250000000001,0.6728871116135753,1.172458864423335,0.9447387357174023,0.9807505523326709,0.2277201287059326,0.19170831209066397,0.8,0.6991008563771289,0.5006554669494523,0.07935551569021626
grok,beijing,Beijing.txt,12676,4255,0.6748938228675196,0.6656250000000001,0.6755062199022931,1.4772974126551344,0.9410419855361596,0.9435822217430208,0.5362554271189748,0.5337151909121136,1.0,0.7549190851780775,0.49495071774735955,0.04905397041647035
grok,brazil,Brazil.txt,21899,8618,0.866709546953396,0.8275000000000001,0.8739812339151136,1.4790742592244128,0.9443927178229105,0.9523562010365867,0.5346815414015024,0.5267180581878261,1.0,0.7801425870167253,0.5082638005890165,0.05326333122660416
grok,christianity,Christianity.txt,28589,11593,0.7688801695705937,0.7581250000000002,0.7608616656052777,1.3356819315825503,0.9476682153322604,0.9535221242957386,0.3880137162502899,0.38215980728681176,1.0,0.7364324212804026,0.4983391584439901,0.08487174186328642
grok,coldwar,Cold_War.txt,19482,7452,0.6265096243484973,0.619375,0.6254653037652735,1.2778161780533939,0.9446093675132043,0.9487833216355327,0.3332068105401895,0.3290328564178612,1.0,0.7108357770166773,0.4994400533517284,0.052313994240324145
grok,france,France.txt,23436,9177,0.8110241210614303,0.7581250000000002,0.8043297977135718,1.5204847668509787,0.9468745821123046,0.9484325367469955,0.5736101847386741,0.5720522301039832,1.0,0.7906226707395638,0.4917250860119153,0.04720597639807061
grok,hinduism,Hinduism.txt,16323,5649,0.7534874168519387,0.7581250000000002,0.7548101671873154,1.2890941962127045,0.9480352112660638,0.9463345871952582,0.34105898494664066,0.3427596090174463,1.0,0.7141771268504712,0.5068057887132651,0.09789348006961988
grok,industrialrevolution,Industrial_Revolution.txt,10636,3371,0.7269593072342465,0.7465625000000001,0.7271819204477822,1.1765891201089143,0.9471055354327873,0.9580866565005376,0.22948358467612695,0.21850246360837666,1.0,0.7135485160023078,0.5076053399424689,0.056100306638053384
grok,isaacnewton,Isaac_Newton.txt,11713,3393,0.7712383771137072,0.7581250000000002,0.7694030055772403,1.3200679759484655,0.9473489142591415,0.9438094159351422,0.372719061689324,0.37625856001332325,1.0,0.7153550881797494,0.4922743306587322,0.07787504446819458
grok,italy,Italy.txt,13658,4476,0.8808131726611947,0.87375,0.874179885083362,1.4553235579719277,0.9429392141063658,0.9506260375985562,0.5123843438655619,0.5046975203733715,1.0,0.77054100410711,0.5151057718354952,0.05054946367517985
grok,josephstalin,Joseph_Stalin.txt,12396,3972,0.6960018667553525,0.711875,0.7006358271415559,1.2268866108928553,0.9427520149311484,0.9700073793281895,0.284134595961707,0.25687923156466586,1.0,0.7351653863827596,0.5217738400593842,0.0660695307761266
grok,judaism,Judaism.txt,29796,12386,0.7546883076486501,0.711875,0.7499825598777446,1.3295508356521142,0.9495782389478038,0.9397005356204134,0.3799725967043104,0.38985030003170074,1.0,0.7238361344521781,0.5010165259574033,0.08204157367654408
grok,middleages,Middle_Ages.txt,11860,3727,0.8085867282754301,0.8043750000000001,0.815989819369583,1.3389375937563532,0.9506361403246831,0.9856480839701842,0.3883014534316701,0.353289509786169,1.0,0.731079755804536,0.49447843249160117,0.06372966116467779
grok,moon,Moon.txt,7933,2186,0.8002366758107997,0.7581250000000002,0.7976813591286931,1.4419591645182508,0.9427434762397462,0.9414043541844247,0.4992156882785046,0.5005548103338261,1.0,0.6749893450081792,0.49756942022756984,0.08666755940203748
grok,moscow,Moscow.txt,11512,3440,0.7637197263964713,0.7350000000000001,0.7620654910244634,1.5482769874434692,0.9424578238408794,0.9533381082300465,0.6058191636025898,0.5949388792134227,1.0,0.8033069259158836,0.5020527768767383,0.048103943537381656
grok,napoleon,Napoleon.txt,32860,12982,0.7038901828467229,0.6656250000000001,0.7031611892365475,1.444716140360052,0.9485306304854717,0.9396748915277536,0.4961855098745802,0.5050412488322983,1.0,0.7461779966580662,0.4978653215938139,0.05624983806926503
grok,nelsonmandela,Nelson_Mandela.txt,13022,4106,0.6766543689791094,0.6656250000000001,0.67751082995372,1.3164447781046724,0.9441514961215394,0.9319326215272413,0.37229328198313305,0.3845121565774311,1.0,0.7050040037206229,0.48912368850549254,0.05779804447520367
grok,newyorkcity,New_York_City.txt,11401,3616,0.7094933754711237,0.6887500000000001,0.70802049582302,1.3095452992953758,0.945880726248973,0.922602453813241,0.36366457304640276,0.38694284548213476,1.0,0.74339541725115,0.48060360425849924,0.04649058694253569
grok,olympicgames,Olympic_Games.txt,12747,4049,0.7262759441108502,0.711875,0.7260794325610208,1.261071326968414,0.9439381419940969,0.9502199585831976,0.3171331849743171,0.3108513683852163,1.0,0.7056018636384359,0.5020089133006451,0.052894823048078576
grok,ottomanempire,Ottoman_Empire.txt,11476,3649,0.6634858205005788,0.6425000000000001,0.6626117150963513,1.23505287549834,0.9393565120555735,0.9261385603730735,0.2956963634427666,0.30891431512526657,1.0,0.7102360113165258,0.49043451123710574,0.06525160169372286
grok,paris,Paris.txt,14957,5064,0.7991764539488129,0.7812500000000001,0.7968428511020168,1.3228118891490053,0.9413506963011689,0.9533411766450977,0.3814611928478364,0.3694707125039076,1.0,0.7550282963819658,0.4897049943017164,0.05421210647122749
grok,protestantism,Protestantism.txt,17433,6546,0.7362152508869255,0.7581250000000002,0.7381502980202563,1.1848620989328433,0.9477942612655479,0.9466189628795826,0.23706783766729544,0.23824313605326075,1.0,0.6798033040472403,0.49703515004458493,0.08443209484026255
grok,romanempire,Roman_Empire.txt,15108,4970,0.7095083479648048,0.7003125000000001,0.7095450388265399,1.3337425272144188,0.950459619151865,0.9391955342458731,0.3832829080625537,0.3945469929685457,1.0,0.7381625763728306,0.4959536826582635,0.0785198340237835
grok,rome,Rome.txt,14538,4454,0.7669089805664498,0.7581250000000002,0.7698071275860809,1.3794889083899737,0.9454518740272704,0.970785440398753,0.43403703436270336,0.4087034679912207,1.0,0.7556249849383982,0.5021272077241681,0.061935545360143646
grok,russia,Russia.txt,17673,6482,0.7729344938563979,0.7812500000000001,0.771437405126212,1.621859616107122,0.9478575695413856,0.9451515820346275,0.6740020465657364,0.6767080340724945,1.0,0.7901875720680338,0.5128688468999673,0.0516845862568467
grok,sigmundfreud,Sigmund_Freud.txt,12957,4247,0.7655367313105954,0.7581250000000002,0.7743625317333938,1.1586962413735886,0.9471397071982611,0.9637166898285396,0.2115565341753275,0.19497955154504898,0.9,0.6711915187044024,0.5121138217990933,0.08605519275447862
grok,slavery,Slavery.txt,9975,3021,0.7155447868422006,0.711875,0.7126635599495893,1.1886901637979508,0.9351271484931811,0.9505687198248035,0.25356301530476966,0.23812144397314727,0.9,0.6527858520197354,0.4955094154804959,0.06183086722686398
grok,socialism,Socialism.txt,12069,4189,0.7657136479567218,0.7696875000000001,0.7668763709085548,1.2263684589166046,0.9464785677373557,0.9443644854216119,0.2798898911792489,0.28200397349499273,0.9,0.6650135408080431,0.49905194929163643,0.0710804391305221
grok,unitedkingdom,United_Kingdom.txt,10037,2755,0.8120728207169278,0.8043750000000001,0.8118747628127865,1.3355812965335452,0.942097479011578,0.9685782282506683,0.39348381752196715,0.3670030682828769,1.0,0.7236687942786497,0.5126472503656774,0.05105925419271723
grok,unitedstates,United_States.txt,19432,7615,0.723787831006684,0.711875,0.7257905876812354,1.4292753776473635,0.9479501909672134,0.9396687936014269,0.48132518668015,0.4896065840459366,1.0,0.7583087447544233,0.5124609294830851,0.04548687809967776
grok,wikipedia,Wikipedia.txt,10264,3338,0.6008849860759197,0.6078125000000001,0.600295612374134,1.3102197221506218,0.9507550292463993,0.9422341358211727,0.35946469290422245,0.3679855863294491,1.0,0.711851095176331,0.5057298341302598,0.06622677282076685
grok,winstonchurchill,Winston_Churchill.txt,20130,7287,0.7549918085110131,0.7350000000000001,0.7541222575139227,1.3357509851401865,0.9495755016456545,0.9375246996624315,0.386175483494532,0.39822628547775507,1.0,0.7250422782194994,0.5027801301445611,0.04652183334721027
grok,worldwari,World_War_I.txt,23614,9422,0.7428623089711037,0.711875,0.7488831535460715,1.2912086575295743,0.9477851256598108,0.9518705100091834,0.3434235318697635,0.3393381475203908,1.0,0.7260314281864005,0.49226855537570213,0.05502065175357613
grok,worldwarii,World_War_II.txt,22884,8916,0.7080806043707231,0.6656250000000001,0.7002420109623386,1.3287151266612822,0.9440907547232561,0.9556599189357844,0.3846243719380261,0.37305520772549783,1.0,0.7331091248732527,0.49151416589881886,0.05144251915496528
